Time,V1,V2,V3,V4,V5,V6,V7,V8,V9,V10,V11,V12,V13,V14,V15,V16,V17,V18,V19,V20,V21,V22,V23,V24,V25,V26,V27,V28,Amount,Class
82450.0,1.3145391900561432,0.5906427632500746,-0.66659342070355,0.7165643401234533,0.301977869959298,-1.1254674651450514,0.3888805283889336,-0.2883896380135912,-0.1321374506666747,-0.5977389276714646,-0.3253466404490521,-0.2164353758391704,0.084204079928035,-1.054630561738498,0.9679320325092166,0.6012262660626456,0.6311166383083525,0.2950779678934099,-0.1361507024824148,-0.0580404050390116,-0.1703072793876372,-0.4296550352536634,-0.1413406831122489,-0.2001946260756492,0.6394914943747736,0.3994756924215492,-0.0343210089575541,0.0316924132520411,0.76,0
50554.0,-0.7986717744854966,1.1850929081648789,0.9045471854371424,0.6945837492521356,0.2190405750981978,-0.3192953581488375,0.4952363439031287,0.1392686003821039,-0.7602136088568061,0.1705468123340103,0.8219984423877635,0.46832176679532,-0.0575502861155431,0.5730063149793319,0.3586877577778654,-0.0116327063359799,-0.5045699158757702,0.7227495762584712,0.8615409187695918,-0.081298289388587,0.2022872814998887,0.5786992960512121,-0.0922450213734442,0.0137228520784372,-0.2464660555517713,-0.3800571667939695,-0.3960301940774371,-0.112900666069163,4.18,0
55125.0,-0.3911284065065413,-0.2455398914574492,1.122074296890501,-1.308725197997706,-0.6398911400473566,0.0086780487729282,-0.7013036187162385,-0.0273152180810641,-2.6288539815276413,2.0513119311392,0.5758664403450671,-0.5940366264402095,1.097880350316982,-0.338340143537802,0.6175232892670475,-0.7563899429938042,0.5351407202193983,1.0167037538374375,2.1338283055716585,0.0657158454480811,-0.1334853285571162,0.1174034269889989,-0.1917478962796855,-0.4886421021187465,-0.3097736319828886,0.0081004405864411,0.1637161302191493,0.2395820234228338,15.0,0
116572.0,-0.0603018544445645,1.065093223058415,-0.9874206593354063,-0.0295669263015173,0.1763756753502507,-1.3485387377812244,0.7756442691035703,0.1348432231914432,-0.1497343610179631,-1.2385978296467202,-0.8411333759185515,-0.5864723888375413,-0.779619560269976,-0.4366712546311155,0.7478708699196107,0.2664372829927627,0.7032341202740371,0.9167194184816876,-0.1899667005039944,-0.1697059338604058,0.355575901074426,0.9075697648640016,-0.0184544448103831,-0.1262694733456103,-0.3399225571405744,-0.1502854867108323,-0.0236339772764892,0.0423297321766305,57.0,0
90434.0,1.8484325587006896,0.3733639861271283,0.2692719593914588,3.866437941519403,0.0880619529195074,0.970447127520637,-0.7219452237741715,0.2359832346017729,0.6834909703992902,1.1663349049351412,1.2975312634219185,-1.9209655721882892,1.8850468815905457,1.3232253492452375,-2.044481897816739,1.3176550461875831,-0.441075927559015,0.8041043854709075,-1.658338557164564,-0.2827770664931159,0.1035626573656344,0.620953629260106,0.1970768388288911,0.6923923642297802,-0.2065301108388227,-0.0213278533649639,-0.019822802502992,-0.0426818320481335,0.0,0
39411.0,1.32197869570702,-0.575195465659831,0.3955034107100545,-0.5518126480756792,-1.172344886017891,-1.0361516399391562,-0.4176958165714234,-0.2287697527976681,-0.8196101055948491,0.6645828588851294,-0.5087541257108154,-0.2348322190221523,0.160393724037626,0.1263828101159878,0.9941916591892348,-1.1630230228764853,-0.0649714223609735,0.8860256666448175,-0.7680405062261724,-0.4103894896522451,-0.4687048666841492,-0.9779360223230776,0.1134345254856541,0.396269278978682,0.0775036838145536,0.9010300686561412,-0.0630111192738049,0.0171331292367211,43.89,0
100409.0,-0.3423874506706887,-0.1961293253630742,1.2012539439322725,-1.3274193781682475,-0.741833386420704,-0.570305858081961,-0.57423481781964,-0.2283331229398844,0.95840653128544,0.2496687964657458,0.178576864581711,-3.3389078593683768,2.0527299225536835,0.7823204032428845,0.0789961464395471,1.394803625855089,0.5900525462616056,-0.5600522739769793,0.2587081987974619,-0.1656782638537722,0.2862117475458975,1.048439217302988,0.1286228302250344,-0.0541824447966528,-1.6890671027288104,-0.4812593777583173,-0.0633102476520805,0.3245575585434265,49.83,0
31054.0,1.4590081181326575,-1.1442428679783674,0.6737478382390182,-1.3052572255220558,-1.8505886864183525,-0.9449485026050854,-1.1303565962496298,-0.1138636902145981,-1.55723767661125,1.439961821950105,-0.633875435705874,-1.4903316004833598,-0.6875343247873643,-0.1323587855987788,0.8905250453613244,-0.1292251449329014,0.4966870135991737,0.0692358144305353,-0.2388194020855288,-0.3579909034844392,-0.3695314479834779,-0.8210232845721588,0.1747042870677732,0.2948646836647297,0.0816899529510391,-0.4080690134731661,0.031006766231938,0.0309603688900982,35.0,0
111675.0,-1.2104755863878025,-1.1860773834181089,1.1159494038953937,-0.2021032505444688,0.2344183711227715,-1.0145367620481096,0.3383846496030779,0.0800205683549003,0.533067912704854,-0.9739658525141104,-1.1166946275799718,-0.4052574004841531,-0.8461768214336894,0.1661033726105887,0.7476688859655691,0.4594070229926265,-0.7189798120559916,0.2804035726419571,-0.4061542165146795,0.5371818116393832,0.0899174624586888,-0.4791301210545844,0.6921038489226178,-0.1328799824953231,-0.0751150670558421,-0.6104946656867628,-0.090292023137925,0.0294324210326921,219.0,0
18895.0,1.2453365899132114,-0.2735759081492235,0.6837134543657846,-0.7665228575329073,-0.4722460468761521,0.1903991972000193,-0.6821816027004525,0.0208461968816207,3.017578571847348,-1.5256621521780478,0.1402499226036442,-1.4591402357653398,2.6617474466527726,1.0806975435283228,0.7459629282892827,-0.5625786351349499,0.5083693840081376,0.1726541550744221,0.3004431353595762,-0.0922082397281619,-0.1729267993852127,0.0598865595477233,-0.1194831060143455,-0.7905923692979532,0.5434373843650162,-0.6471298123977189,0.0864504717479027,0.0207318264007353,11.85,0
42330.0,-0.8976123917603223,-0.6397828747248092,1.7180460422983097,-1.6405555601233273,0.0425263599609889,-0.7384039088094099,-0.3311656397221827,0.1238644984052802,-1.415013207713453,0.1909856178702531,0.6381396303059498,0.2833477533453395,0.4307937796036478,-0.0289232820959412,-0.2641257511570478,-0.6324650682065763,-0.7573243851872435,1.7937016525302891,-0.9889496840534626,-0.2233065509344099,-0.1722356646309614,-0.3492718051852272,0.0961796391922872,0.0231224891916618,-0.4190107836906033,0.8084625582682886,0.0160101872507678,0.1243180578796978,35.9,0
154024.0,-0.3484681087779367,1.0717076683204252,-1.9865697169668264,-1.599706237102108,2.915072468990761,3.169605149516622,0.1862222654437706,1.1400471464451438,0.0093311910994356,-0.5046845427517925,0.1022302705036934,-0.0785510218174001,-0.3976150520374808,-0.7144864026031934,0.1614444604461331,0.2328846071872327,0.4086037595307499,-0.3812993810145727,-0.4301740207951831,0.1345213511603011,-0.3747417622930916,-0.9134359340765066,0.1345461198130839,0.5883284567565003,-0.3756409095693121,0.1427206601941921,0.0627579183680741,-0.1550832483873613,1.98,0
81853.0,1.3017975303917693,-1.170032242695083,-0.2444657292614311,-1.5156745750388692,-0.8700023303683836,-0.2959761113529056,-0.535384560536111,-0.1007503083798492,-2.4416874174949275,1.536297624730029,1.2497551527959323,-0.1420371012727332,0.3929304276105191,0.1751516178290965,-0.1182220847980444,-0.6463224266006657,0.5625207409943525,-0.3941865518495976,0.0573419367124973,-0.157470294983372,-0.3909498420539843,-0.998559380799438,0.0465598883921948,-0.3514270289663517,0.2476058672562212,-0.4273784339296675,-0.0022593668217029,0.0151414319220596,108.22,0
56703.0,1.1970482737931063,-0.5165168722672756,0.4453049821129584,-0.2604837550618847,-0.6455039461979922,0.1263508515018435,-0.5098418372840056,0.080491811686955,-1.2620080469237354,0.8179873322134513,1.2543304443032248,0.9700952197822014,0.9802273354284274,0.1840302059909909,0.4545088217413899,-1.1504500730715457,-0.3000665244479891,0.9063104113286592,-0.83866347704525,-0.3712075590257815,-0.5728727896666967,-1.2965473033853718,0.1883832809668762,-0.3409808408753128,-0.0403203488640702,0.0586746808532906,0.0067453855218606,0.0203075527661847,56.19,0
128733.0,-0.8951893917243571,1.491243857804957,-0.5489495597565809,-0.5428473454966078,-0.2734430598523142,-1.2589499498430097,0.2944289040576397,0.6541367470967956,-0.190774633411363,-0.5530836412642177,-1.1890513819209605,0.4771999420091108,0.1442528651573489,0.6746356580307733,-0.4645777305280399,0.1305719359106972,-0.0780339097097433,-0.6913781280843208,-0.12863960683901,-0.1205315298513239,-0.2035560885588878,-0.6182933477586641,0.1837492706122008,0.0353413889458482,-0.3923454490641256,0.1464468951305503,0.1065351738563767,0.0231422401325096,9.99,0
154352.0,-0.8753468648159143,0.6453402522465179,-1.2677867980403883,-2.343857754412062,3.491338668636052,3.080201487247004,0.7252622803603812,0.782234370104201,-0.241907611348626,-1.2738924202236672,-0.0183169821615679,-0.218000853584589,-0.5626545403049432,-0.8245272382940683,-0.4996138367448862,0.5946925349854876,-0.0740622361952991,-0.4761677372909982,-1.3876962684489575,-0.3199799787638552,-0.2699830069594947,-0.8778723388460279,0.1587912885519696,0.588344737254388,-0.2875299490964666,-0.0343398792919708,-0.1339725442780086,0.1303346785043072,13.99,0
44022.0,0.6477043995699567,-2.503905259216304,-0.0607408974917157,-1.3123327474793571,-1.6197294175586143,0.4006281258441558,-0.7594677275777132,0.0829589148703388,-1.8979929841334395,1.3640733243304834,0.7630152678012178,-0.6555676228128965,-0.0891766754690501,0.0403210183123199,0.4867110006080248,0.0044425628807575,0.256679362129882,0.3597661297194393,-0.1795843209393701,0.4923833943372293,-0.086808247117027,-0.8906177576682204,-0.2526444749754394,-0.7246374657072855,-0.0591996524567578,-0.3975809113002754,-0.0296023647053546,0.0812544816593942,435.7,0
52222.0,-0.8201589524239403,1.5338162913775035,0.3482680022348802,0.9590559819116712,-0.8037338199548472,-0.5057176471113051,0.2297388035099684,0.6796529142758932,-1.2536526968124844,-0.3894234417595402,1.2897333715027233,1.5467803976531205,1.1304301000268615,0.8932612308211899,0.1224595784923138,0.0718233406556833,-0.1269687077459922,0.452459395459543,0.5397698267667161,-0.1898452690708475,0.3042647789889782,0.6497665506841296,0.0373228240072748,0.5761466943058453,-0.134947963212036,-0.3708882709689271,-0.2737677222948679,-0.1047785205356644,70.65,0
42510.0,1.2703181878873893,-0.8732627875179607,1.037502819661464,-0.3782833668326084,-1.5357520369341384,-0.2557211838583378,-1.097558637282683,0.1200128723057925,-0.0158301617658909,0.4440037503130018,-0.29317463145208,-0.5614538060773769,-0.6230470230953403,-0.5463230411602406,0.095504095922641,0.4892860956350232,0.9687868347015468,-1.707620368075364,0.1759449401342827,0.0010884225041366,0.3204281152152096,1.0361325605468632,-0.0836945903814651,0.4467968648535946,0.4520142380557411,0.0071124842957808,0.0512322949106561,0.0200135142445981,24.09,0
142570.0,1.9959473940891632,0.1318002671363574,-1.7493950343727462,1.190378253843249,0.6585988426266499,-0.5962239946827451,0.5367484024029041,-0.2423924220472609,-0.0129330235822923,0.4268831526718551,0.3486163918531299,0.815962889850993,-0.3998819641765641,0.7331536798215696,-1.175248410061044,-0.4196508622110818,-0.5150778513816521,-0.0180180641211996,0.2141177709226407,-0.2669470811253846,0.0795817447772483,0.3983027038967952,-0.070233632504088,-0.4634401773314898,0.473631478167978,-0.4827624952656828,-0.0215471052193327,-0.0749048734243059,17.82,0
78271.0,0.3237019409726408,-2.4522076361640983,-0.88430875834207,-0.0102073312881513,0.575348266206899,4.36767479840189,-0.8373518736164004,0.9544591133564868,-0.235813522170885,0.3662534503870598,-0.9374738618806612,0.1393218975147852,0.2516339194737234,-0.3568920022430479,-0.3180671423269534,-1.3137251096846423,-0.2557523026291108,1.5852403477827053,-0.5301126603234738,0.6120430459061386,-0.2832157774983011,-1.3901092754800712,-0.3896237606144672,0.9816800329086968,0.2989971437328493,-0.4942210949558825,0.0042364966240021,0.1233867938412194,521.99,0
36081.0,1.306817094954395,-0.5418983696791003,0.166025672779155,-0.6322483030767526,-0.6981265650401208,-0.4182714778792019,-0.424042078182586,-0.0368906740796644,-1.0622174750893725,0.6973220455993957,1.6402547531313048,0.444013709335939,0.0384010326297724,0.0051555355891562,-0.7142475915574383,0.3613058227632528,0.7143383584032975,-1.7039940138317011,0.6643801549859073,0.0479301226013282,0.2508194838834111,0.7645766414564688,-0.1326478617205253,0.2811719276063111,0.6608270223244648,-0.066861869680675,0.003070726795815,-0.0056649439561774,20.0,0
149829.0,-0.7078115602195558,1.4968853186205766,-1.2252520692411129,-0.5805040709054556,0.7032345782293529,-0.2013455676883367,0.4370356455986238,0.5028975740953661,0.0255844621468677,-0.1723703694037519,0.2312857617834654,-0.245629018198135,-1.439698469746387,-0.2602829202012114,-0.5504799837901585,0.4889411911443144,0.3961925069448463,0.6399509526319724,0.6683669709189874,-0.0278115681748359,-0.1800861412993134,-0.568096053726503,0.258502537664024,-0.0038915177279442,-1.3054722927927247,0.058637242276184,0.1678581612649446,0.3259199231224506,10.74,0
66406.0,1.2834808122323402,1.3530226442082305,-1.7763744145281055,1.521758236565183,1.158814075646801,-1.5252050671878623,0.8263781854892033,-0.4056204698570976,-0.547825584417423,-1.5757572027772986,0.5279180435008316,-0.1704873467120141,0.8416137603132909,-3.5859760624567207,1.0094564018827474,1.1390828557933397,2.475312931590121,1.3862215727640077,-0.6560275114496735,0.0367709353732756,-0.232948296986253,-0.5239087579026662,-0.2807570060434318,-0.4151672924248749,0.9542911155478744,-0.2662915209094696,0.0451468440853998,0.0938264786499248,1.0,0
145557.0,-3.021869747275361,-0.8333324915216246,-1.394800855333959,-0.3363361810835266,0.4315241084226394,-1.2957100201805416,0.1239932353858614,0.4941683105892177,-0.345861752884795,-0.1814692863543048,0.2921798089869296,0.8720682383307707,0.3142648664870034,1.014246191083695,-0.3797694923404289,0.7759617630743484,-0.7031002068090934,0.4787712925071623,-0.0533885350796992,-0.6526543897943011,0.1963722921952182,0.8847966600336243,-1.237717090701069,-0.1211388716755609,-0.7026313649211559,0.6677786300828707,0.8215425332855948,-0.6242471788970918,216.59,0
155288.0,0.1897278665600766,-3.389540138984785,-1.9348304700588908,0.5930707660012371,-0.3101435752109232,2.111224240839064,0.3967981759235034,0.3830075720404313,0.827281898129946,-0.4327874564314338,0.7193228333068298,1.0069912095542488,-0.282058407290824,0.3805888982464565,0.1477653218372361,-0.2411456199383983,0.1122776374461106,-1.204097021517431,-0.5276518181539855,1.5255089586359842,0.1789449416435661,-1.3057019275005843,-0.2671481005996355,-0.9325730511322254,-1.1008562952146768,0.1338963642506245,-0.1721111150963152,0.0849957054555459,888.61,0
149148.0,-1.5028887320338762,-0.8877399316932465,0.5855437119860083,-0.7528283248150945,2.4742261487665376,-1.7709621537219933,0.0324026332913448,-0.0115437200523745,-0.0531381003940893,-0.7649783203092541,-1.822916485040725,-0.4371928033501349,-0.6055706631772632,0.3157935084522817,-0.4999405891745752,0.28154285127364,-0.7696335007189915,-0.3943683303430226,-0.188429787392463,0.2160581286540819,-0.1379663339026068,-0.9118434266181548,0.1236264256562799,-0.7448361607972492,-0.0825012560293404,0.1387900521635929,-0.0203473116975251,0.1527714973171603,1.98,0
126959.0,1.7953961592303198,-0.6798934446201361,-2.0171486608006526,0.3735298499947475,0.1569616267556047,-0.6476621781821994,0.3561758519811682,-0.0855730539603803,0.5052149778022026,0.2973014431763466,0.3566177056295112,-0.5641371314332586,-3.1553132812083287,1.2477622177989496,-0.7527094296048722,-0.3053756074837118,-0.0879490513832101,-0.0162582369163244,0.3951137415905165,-0.129222869853553,0.0981821263014631,-0.0048402388865506,-0.0024301928556967,0.6981822882519164,0.061197547863641,0.5527220884586532,-0.1501566901980189,-0.0659770311053646,136.0,0
68202.0,-1.127899702485588,0.7499643990358066,1.599892674846212,-0.5567559531220961,1.520932426697724,-1.5576341288758586,1.4848400044458685,-0.5060630369856413,-0.844074020299155,-0.809160421144274,-0.3959962208074437,0.5055299601811319,0.9389538294824352,-0.073016584461659,-0.5705140982347493,0.1666568812398824,-1.0670829604158063,-0.5573713470108977,-1.7535142946942357,0.0059607231766901,0.0510704304968395,0.1291222689408018,-0.4541519251395962,0.414807625826413,1.0276863672323966,-0.5719804542355968,-0.1953118245678543,-0.1675347949342524,0.89,0
155516.0,1.9114648055582413,0.4500698008228642,-0.5749545919272561,3.920565971318943,0.2910367227532956,-0.0523803892934313,0.1365293222733486,-0.1008399381723304,-0.615584445149767,1.3807764584189524,-1.6367111873048552,-0.1925352290077503,-0.1513474661107416,-0.0036431454475422,-1.5134063650413174,0.4918368589620818,-0.5563409192749132,-0.4720087861822422,-1.2906009776342258,-0.3000170384240985,0.0684253857045654,0.3702687746592162,0.060277821969039,-0.115442315080828,0.1486955039545276,0.1040131731434797,-0.0279003468702606,-0.0513773523308424,11.37,0
119036.0,1.954820281704376,-0.1859169231258642,-1.8459783045035203,0.310642045783385,0.421885054816653,-0.809946524589754,0.481854585119696,-0.3243208676423199,0.2778311035951721,0.1092618012246526,0.6176418465492928,1.1463830239214623,0.2137707119510371,0.6148777332280546,-0.7375810061636787,-0.524248158408898,-0.5118398684276132,0.1854192350380147,0.3359141942023352,-0.1189642714590808,0.3536235884227597,1.1607633223280502,-0.2307540614640135,-0.3124243810156877,0.5612607880969995,0.051685790377657,-0.044998619003723,-0.0746480308001068,56.89,0
76628.0,-0.4661420666336546,0.729215304634924,2.5570058770423687,1.5976295114330687,-0.6282076028137092,0.2073276843864783,0.2910045289251973,-0.0817054281320736,0.2436158394542558,0.0650835798521245,-0.9152979471865752,-0.7786704361342123,-1.2183472017373984,-0.2676741603429897,1.022809419170795,-0.8772122518305324,0.4366439490476199,0.4935020147321156,1.6347208177730117,0.1398252175866239,0.1003620105120559,0.6281855764026248,-0.4036540482169857,0.4132021633887995,0.2736426627495689,0.0320531941602199,-0.1497484887043967,-0.1382590327294031,30.39,0
61972.0,-0.3030477718658076,1.2968284709713418,0.7212368725278608,0.997836574641761,-0.181849410071502,-0.7856376396625128,0.5272665987204168,0.1643938813575901,-0.9448266163557304,-0.4288490981037836,-0.3723045008327573,0.9143253950797476,1.6831552640330472,0.3115088805389637,0.8070280480732293,-0.2193579927461517,-0.1320762880268328,-0.0680814566801215,0.3272184654303207,0.0015875319851177,0.2025273536233942,0.5494805263741531,-0.0328150504782531,0.4371212036701611,-0.0731638850439512,-0.3338211879315203,-0.0395864430315725,-0.0134998381050304,27.22,0
129588.0,1.94045874643842,-0.8561952437523745,-1.3506658526727129,-0.7694397462996011,1.4285003371350595,4.021572520391739,-1.5217687754671536,1.1362253372732696,1.2201123946447163,-0.007624522686843,-0.1018348679308862,0.3892966699274728,0.0894586779387223,-0.1365744301054187,1.1812709669409271,0.5881689971545782,-0.7228293640587978,-0.1025579565121824,-0.4397294938432816,-0.0749447804749622,0.0383965458216773,0.1288559276516556,0.3498337406825436,0.7306307855931689,-0.5634437654562889,0.5009951795504897,0.0055075520953875,-0.0424177945795629,19.5,0
85120.0,1.2317265740373442,0.3107825395658295,0.080446393847431,1.140199555437651,-0.2428488540117543,-1.100908894485736,0.324533779827225,-0.2302962750741237,0.0284053021035048,0.048424898198246,-0.563229997613851,-0.3676839217272851,-1.1144795076085336,0.6921417022426175,0.8960589172948913,-0.0301754215775223,-0.2950852374193308,-0.1714276710747959,-0.2794155291136759,-0.1946876547140435,-0.0345001898665895,-0.1340937010077202,-0.0919135467566646,0.3526029047868794,0.6869412148452083,-0.3554569808411852,-0.0058399122476266,0.0164902419707088,16.3,0
32345.0,-3.217543082265483,2.4538689816551305,0.4500880380795138,3.5132371505070634,0.8254516894300489,-0.1682106513594259,1.0914781360042916,-0.5822357237141441,-0.1860561571969575,5.233059696937613,1.3949619370816804,-0.3340042055931488,-0.4349464660571835,-0.4671798282813652,0.1982465189982553,-0.1316416151400779,-0.6100466472616564,0.0977062332662583,0.5138405531273391,0.5629914290463204,-0.4137166799606622,0.2865337370374975,-0.0584813126348542,0.3147777191711247,0.1168002610173356,0.1761011781614235,0.389827386210765,0.4317241681050201,21.99,0
154199.0,2.256732176692958,-0.5889820453100548,-1.5739645278382786,-1.0659455067287813,-0.0831828178519487,-0.809650381192959,-0.2634209044215421,-0.4050680361038513,-0.7509121354040394,0.8289444058854457,-0.6619346254894999,0.0339849788200688,1.7749125581445544,-0.3022253005326653,0.2278891233506936,0.9276195406558458,-0.0732348487280038,-1.3509515552780316,0.540861407965013,0.1044364131139423,0.4246068121917294,1.2825717415570947,-0.0345175693075613,0.5747344469787325,0.3144616353119585,0.0463908036289522,-0.0347787853634415,-0.0582516776126533,15.0,0
123701.0,-2.109310024518097,2.116421100556544,0.5897089983505734,-1.846148608339764,1.0771363104859537,0.3056417829023893,1.4196054807719432,-1.051196756621113,3.0649778412379587,3.19563794616309,1.5813923826807634,0.0744100898152873,0.0336641487294853,-3.400887921069723,0.1646252410027694,0.1442870607041232,-0.7939953895679642,0.6063950866515266,-0.1678641634200317,1.5599398440454235,-0.7813457625173095,-0.585637194518864,-0.2203810919273751,0.0517204126756598,0.0497892272783377,-0.5168844636530596,-0.8701892813458514,-1.2633665864355768,0.77,0
61112.0,-0.8178369126666218,0.8595839788115585,1.7154197873594683,-0.5363295088549475,0.4567565225550128,-0.9319501550033472,1.001674270892216,-0.398503219093417,-0.0422055106977803,0.11993363485756,1.575634966174506,-0.0548926962161364,-1.1888406176323758,-0.5107890183330804,-0.0668743362047171,0.6148996251975992,-0.5919167190443283,0.2849025353150907,-0.517093152467177,0.0513279713197894,-0.2590524072997441,-0.527169036139306,-0.0998633936974024,0.4540385409940498,-0.4641567223276391,-0.1790651796558202,-0.2875577524575232,-0.2405371055147586,3.59,0
122270.0,1.8651021709067197,0.3945078920523274,-0.6429360600694665,3.722321415451835,0.556803311196319,0.6764084845687117,-0.0435616620342628,0.161355132485351,-0.8927854050035251,1.5367144526645824,0.240587575983801,0.5027257028954046,-0.3035997348115637,0.2039934530353055,-2.1293889929297776,0.6087331920039211,-0.7090879437277701,-0.0800431864801003,-1.1247878445420674,-0.2813279015389358,0.1286581453825555,0.4789113769675761,0.1158667902526254,0.6965844689244979,0.098787261093264,0.0472988133813085,-0.0329318296759367,-0.0540884067889608,7.56,0
130252.0,2.2554152663016214,-1.4926392491312317,-2.897137701864615,-2.687466451769553,1.5263660612644718,3.0321605782949232,-1.1251343285685829,0.6221492635992589,-1.9107365355147024,1.669267137985382,0.0254435129581396,-0.8052327850613961,0.3024010508685986,0.2086441080875397,0.5040507221127779,-0.722782726751198,0.3739652702886693,-0.5492171183161786,-0.2311576157597734,-0.2898577972662133,-0.2904899406048632,-0.6211011385261119,0.3024543513672645,0.6592706204064769,-0.1527254568100582,-0.2962883789996904,-0.009959691422484,-0.0571810158557673,52.0,0
66883.0,1.2177242745289187,-0.6277811823171823,1.1942833179904029,0.6057584790465623,-1.2905206648649803,0.3803565133836861,-1.09442608955678,0.2697655766136448,-0.3977194522983603,0.8399991781746217,0.2952822773701829,0.5140067345009396,-0.1258957215820302,-0.2515825604641485,-0.64157192491294,-1.0701772666731266,-0.3531126635495831,1.9313048375993505,-0.6127797115898348,-0.524200568830147,-0.3934767825151836,-0.5442472421321352,0.0214428437901597,-0.0605209830407917,0.2931219819625131,-0.387737532228316,0.0878677763427217,0.0306242153113783,21.1,0
114003.0,-1.2788652558460176,0.5667254312215088,0.5431007849860351,-1.2336342944267251,1.9610773830364376,-0.4525207229354516,0.8772194929110111,-0.0424976343880686,-0.1710019681743904,-0.7314545651821667,0.340595003571595,-0.6576336332510244,-1.6980684872808116,-0.7783386148095528,-0.7954885387783854,0.8011515975828859,-0.1843963803005852,0.5742572600574918,-0.0047924135069735,-0.0406713583873039,-0.4776853898810145,-1.24696828158174,-0.4991263866943841,-0.03351093635954,0.6011827204030264,0.2105840578495363,-0.0377409479756681,-0.1491325350149918,7.99,0
124267.0,-1.0839949943980762,1.083092867590869,2.0856009366447026,2.019707717097769,1.5611985225768903,0.060076241648903,1.5414195643837216,-0.3616992442618709,-1.1075167212960142,0.6066012196166062,-1.839291535451408,-1.2813985876459262,-1.385717215706574,-0.4424581667929593,-2.2365557510171783,0.7069565354042465,-1.10636716560445,-0.4832062900250122,-2.4990159142480377,-0.215294905103307,-0.0238243189443409,0.1428258100767746,-0.6293324044079522,-0.2108909965049125,1.0057271297149473,-0.0148954593875828,-0.5233471394449591,-0.3628776652668958,11.76,0
53518.0,1.1375892072859188,-0.6107937703652055,1.0113075524439217,0.7262591579632078,-1.4472199837251185,-0.5587400236893618,-0.6171762537536,-0.0931032095315267,-0.518615082781934,0.6547605895412372,-0.582643056558829,0.2874023583570577,0.531269217684456,-0.2884758064474782,0.2626474300466074,-1.5504568269838102,0.041005682121072,1.2921019626055903,-1.2615212824382869,-0.39184651434417,-0.1754314906013347,-0.0081727270320263,-0.0771962455330749,0.7154946251394116,0.4661384686817404,-0.2514545148531279,0.0671398582992508,0.0504624046871423,79.0,0
129983.0,2.1807729391890485,-1.8414674754180116,0.0676143077813119,-1.573615040423461,-1.9542206431901648,0.2366628840444506,-2.0784475087868355,0.1644079842662069,-0.4061605906923814,1.4735268285932672,-1.4004835812736918,-0.9382368686514704,0.6962324688226901,-1.0328653088255664,0.5759774964704159,0.2882384437615162,0.0163848972467338,0.8198373787563604,-0.4725425993423976,-0.3040438439878095,0.061943840431955,0.6222011434155065,0.2419913054513367,0.4633948942668624,-0.4890461444303898,-0.1118786196861201,0.0686253510176447,-0.0157056675747016,50.0,0
163300.0,2.055216481522784,-0.828343115726232,-2.85725217548907,-0.6447229559867251,0.492604347796769,-0.7827422025936822,0.4825056188923418,-0.3890041183337712,-1.2160717304249686,1.1923363480962406,-0.0155010017610304,-0.4058730373692354,-1.188035162010454,1.1129459793093284,-0.8563600411825774,-1.840371818802816,-0.2000159697302986,1.4758214805363483,-0.1903017921937156,-0.4485652926133935,-0.0435007628959906,0.1495126989294884,-0.211610646074196,0.2382075624536004,0.482471618782178,0.9919181493887104,-0.1594199082980282,-0.0847317553768428,114.98,0
70704.0,-0.8402981502856331,1.1561625674497076,0.0937076557955542,1.1025630882160242,-1.2552474781880716,-0.1038961530049428,1.7146684437895894,0.0348683312659131,-0.5518362447524618,-0.3685366237321121,-0.8285069943487188,0.2881598338714828,0.3122258008799576,0.3809334513472553,0.0442840108190298,-0.5925427691963365,0.2119469608940874,-0.1446733688909175,0.6199152958169805,0.033609775293987,0.1240335452502699,0.5592848460706865,0.1396756234135162,0.4168769264030472,-0.3013008661033036,-0.3321936577724462,0.3107805023544099,0.1256375294037552,283.91,0
162190.0,2.0641068242357123,-0.0063006483979635,-2.8395323066977403,0.0946347617701495,1.1848863345852862,-0.9063910905195924,0.9732845511641354,-0.4534080456893682,-0.0715726441114697,0.2268876970324815,0.0306620588798534,0.4386345244578223,-0.517819079920205,1.1260398749417964,-0.6634275360430832,-0.5961730110135526,-0.6230848484460646,0.2511309975341479,0.6659161550464354,-0.1710289047829304,0.3099827990103106,0.9756907054679236,-0.3826431872424204,-0.9719625965760668,0.8832216965797,0.1648511770453705,-0.0898304344558298,-0.0986249569341703,50.2,0
37314.0,1.43845005461184,-1.108186420917882,0.7651520665237566,-1.1833538273553583,-2.0566947444833947,-1.345163623621145,-1.0442078384557392,-0.1479074429224001,-1.5909132628058351,1.462229798754808,-0.2426696548767027,-1.6290234516623858,-1.4380365157388624,0.0933324398365357,0.8256646212631861,-0.3361012127979109,0.772680944801075,-0.1832912881877332,-0.3481177251690067,-0.4296306768545013,-0.4306726014425118,-1.0319356940774829,0.2864326527601961,0.7989547133599901,-0.0212412889162665,-0.5084944280793839,0.021043147866889,0.0325145815633939,30.0,0
54078.0,-0.8554911207330909,0.3388404406858301,0.8177975001097737,0.539719505703932,1.97217006579362,4.661862599576711,-0.5693177324883698,1.1319890607544147,0.5999205837083923,-0.2029926621534978,-1.1136243605230958,0.2769101278084029,-0.3878021574698312,-0.7838355030236341,-1.30362813521507,-1.0028884978762054,0.3776752172300562,-0.1940911494217767,2.062735366140902,0.040049338750552,-0.4308190444428498,-1.0428109831308832,-0.1052383103680375,0.9993260195842248,0.5102551051857024,-0.3733649872422184,-0.3451018210515444,0.069986738017034,16.44,0
122536.0,1.967573545994128,-0.4776259340245053,-0.4312992260621084,-0.0454637834525853,-0.5246928378468924,-0.0297787303356908,-0.7287115899593725,0.2204800459905215,1.196918306045014,-0.0240299886500474,0.8176349864192104,0.6938698515603645,-0.9194381491094205,0.3186703361170067,0.1720757035382862,0.4133763898841291,-0.6552461986124503,0.2741333352149826,0.2595463727363449,-0.2497541608070833,-0.1547988577808589,-0.3967285673954893,0.4387025982486396,0.651200086035597,-0.561314068323661,-0.3303842208868376,-0.0011833604749439,-0.0424770631126413,0.77,0
34505.0,1.2041084316165525,0.1656711745147969,0.6083787884021441,0.5580643385158457,-0.5731485087847809,-0.7992308875443909,-0.0770468062708315,-0.0384722790004545,-0.140805564494933,0.1202443444146482,1.5667723125219268,0.8171324353177821,-0.3850950428292181,0.5633134955732537,0.3799347039445142,0.4666924788762581,-0.5663648984799454,-0.0426988493383302,0.0977449694785517,-0.127575160889062,-0.1994543805626109,-0.6413540617369518,0.1569587628482419,0.5144443203139227,0.1407585302338483,0.0664930476229938,-0.0362442127394099,0.0095291385411588,0.99,0
127583.0,-4.077304018255235,-1.1237438016813033,-0.9097378456977674,-0.5584310237717307,2.364213584954616,0.9353296764790584,0.540064724063653,0.1844081849277996,1.3902829737676343,2.108013315183201,1.849471882190274,0.4301739773496781,-0.789007563776936,-0.2342451282168837,0.8492715015987514,-1.0548212866228186,0.1201504904460919,-1.5518306284755443,-1.4917575661853684,-1.302163407103321,-0.419648704816902,1.9992059409152343,1.3276773351517084,-0.4965251145818017,0.0325615038497987,0.6755372411732488,1.4509654404264705,0.5147557574434954,33.45,0
54411.0,1.1493188890907835,0.301381279437682,0.3946009364143893,0.5712723536117643,-0.1649184538277933,-0.3757521314237286,-0.035678112161389,0.026830393613038,-0.3548034584849849,-0.1812026815751585,2.1587127713033194,1.46071935294131,0.8100576282147471,-0.1935558645636524,0.5516676043772969,0.2898685985498542,0.054882173583776,-0.406947811009487,-0.3498083541307807,-0.0541087004217867,-0.1843753111607453,-0.5083910804891173,0.1595638463317297,0.2039843942531928,0.1091969645544479,0.0912475706905788,-0.0061119196036478,0.0214904163667924,5.49,0
20329.0,1.0984177990865038,-0.4430846060085255,1.000869191341059,-0.7240046249179364,-0.7461831080285052,0.4847218668726254,-0.9333378760993312,0.3282634474097369,2.8887269438950463,-1.3654526931496125,2.602073886702766,-1.0830756564233428,1.1358251373521422,1.6098752038619304,0.3792744209870245,-0.8487509061123056,0.919340503309758,0.0943746355339732,-0.0829340710114736,-0.2217145166866027,-0.0523822025568373,0.3386294545586024,0.0184905161590613,-0.3327021700467931,0.2839464555731754,-0.6833499540952876,0.0920140807389717,0.0130751009008158,11.85,0
132368.0,1.738348428243215,-0.8305398045792038,-1.0359776568575838,-0.0580831373525116,0.4804415451881133,1.8227513266958792,-0.6669229627836624,0.591068555865791,0.921700453661188,-0.0594264285312022,0.7078380496870043,0.9739739194220493,-0.4249747447454405,0.1991075885232975,0.0469232200150614,-0.3468736012624567,0.0885122287846029,-1.3683367044718724,-0.271625409143479,-0.10693796098689,-0.3067752801593612,-0.8826217368418784,0.4393905537619652,-0.9737056461501328,-0.8065247613214227,0.2193899041992669,-0.02064935028869,-0.0545788126928931,87.0,0
149167.0,-0.0012563472582398,0.9381091232390636,-0.412720962210175,-0.7674136582300355,1.4498385900015989,-0.340376593148528,0.987783991565217,-0.0585220806854766,-0.5997285793716227,-0.8925554462592529,0.7312171091174661,0.8850854685149899,0.844168940263014,-0.908101040248338,-1.1192869093004172,0.51719940160636,-0.0715517759756826,0.3479167595767694,0.2873626907273535,-0.0232742719399579,-0.1585597052579994,-0.4110856886632741,0.1012274593718613,0.2111988787648846,-1.1213989625744634,-0.0080046955893276,0.1882102553416846,0.2571976579837475,1.98,0
156153.0,0.1451529653292357,1.13721341129005,-1.0704132724273334,0.0208307106312246,0.2610010454803234,-1.4031491068554724,0.7530376223542318,0.0524876259281166,-0.2815098507367926,-1.2142271061024958,-0.49786501093953,0.2768117616216661,0.7239442027845306,-0.7597554801592559,0.5824068025102053,0.2117464239764556,0.6289477421322043,0.6817009204917681,-0.2830836620803467,-0.124485220664652,0.3501909064934783,0.9885770541655604,-0.0229536356359429,-0.0170354263628582,-0.2333324890449808,-0.1558305582803819,-0.0742005617504253,-0.040444830814092,42.81,0
107515.0,-6.053203134494058,-7.794602289891718,2.1081444757308407,0.5961681877040257,7.044201362136687,-5.078603428100045,-5.1571068934132045,0.6718453396697609,2.157802189342594,-0.8446183978391273,1.695499921933996,-1.0399703519570096,2.5208593211347763,1.8006211959670777,0.5640095210882227,-0.4192908650059164,0.4244705775858064,1.542023677258432,1.642289798594342,2.319062667388737,0.7688338205461558,0.1568700164644513,1.1379745630537093,-0.3388698707217125,0.7869381259010757,0.5774053614935615,-0.276698828539091,0.2069916169261163,61.47,0
2619.0,1.1950158791344276,0.203954009272122,0.6200389397297229,0.6486217305970492,-0.4627166876996382,-0.7126977187942497,-0.0173309195240275,-0.081290916562373,0.0363517218843785,-0.1067093221836437,0.2779911133796666,0.5012788923312571,0.1233103421305415,0.3099396289198167,1.2724061977427734,-0.0796110638138404,-0.0193500697513989,-1.0838743547240537,-0.5994759835671619,-0.1439774070318364,-0.20996259992557,-0.5789922699756922,0.2081921757638643,0.3918022691633304,0.097341211067371,0.1044792599203253,-0.0127999337681191,0.0185863608828101,1.29,0
81799.0,-0.9198982382036732,-0.3565022519803891,1.127821441558043,-2.494732319786483,-1.003858648932522,-0.5385428674091175,-0.4432558252868876,0.3893969477755344,-2.9097656264450382,0.6260967688635656,0.5543779603973551,-0.2726036090918942,0.8247103132438334,-0.0318774227016961,-0.8295974995173518,0.1156146326990341,0.0413862111459226,0.8274068899628719,-0.4585866822873667,-0.2259924632836548,0.1465722692807462,0.4508339325649146,-0.1578218974922953,0.0082309909866317,0.2922917274477633,-0.1826761098182505,-0.0525587517740612,-0.0121882344438928,64.6,0
154916.0,0.3718284814716156,-0.4070626720498039,-0.7086178592271719,-2.618718172961495,0.0363447017323452,-0.8009817653715303,0.6752512386090486,-0.3407084161784104,-2.761436805793789,1.1088138638114546,0.174833601791873,-0.643714007545988,0.0829080820801726,0.1137291166948793,-1.841751298478269,-1.0141153956442148,0.3491359394629249,0.2254298939304824,0.2149969122154307,-0.3181854316585027,0.089735569138833,0.6552083206876553,-0.1942928023247659,-0.447962206682954,0.1648752248486504,0.0454782367381743,0.0099211293041499,0.0057042453427593,60.0,0
36967.0,-0.5247250662773959,0.902407575994838,1.5517836129220837,-0.1873816074244787,0.1837429289887979,-0.1171709607905424,0.5104859995579321,0.2255910660378965,-0.6447816618118363,-0.1851450138123482,1.503993404579098,0.6796287309078286,-0.1565499049359017,0.3855129982199221,0.4102843024987997,0.1069826905051365,-0.3611411734259299,-0.2926707941302269,-0.0542884317746006,0.0859068759054909,-0.1453776247300142,-0.3771318666976697,0.0094768561974202,-0.0041788565010432,-0.2969430709616,0.0837802652664168,0.2751803946991001,0.1080310634011801,6.23,0
77861.0,1.2744520337886398,0.3479717296766911,-0.0552418807726726,0.437378515980191,0.3013783094482423,-0.1022998943918005,0.0478633840374451,-0.0596945695751076,-0.0427766829923125,-0.350254027704323,-0.4505693475745549,0.4967773403639453,1.206393210564273,-0.4795563376180787,1.31356551520857,0.3908843165623863,-0.081017631424202,-0.5789523136548905,-0.2457389517114651,-0.0322438830580974,-0.305872533145969,-0.7998930175779413,0.0455073032677853,-0.7838150143097561,0.2845213649866857,0.1734207672464407,-0.0019615722190675,0.0205881606664948,0.99,0
31714.0,1.1480565361430146,-0.0803601728560277,-0.5562995438482066,-0.0277214210033058,1.178591705983554,2.2343989739304817,-0.5123175642916389,0.7561733942719627,0.1469247702459721,-0.2493521432368786,0.7370753039352053,-0.2325512249927086,-1.4353761076005571,0.2848341521077904,1.807259818715329,-0.0024317713686859,0.4225840359263841,-0.962738379922443,-0.795948246505968,-0.2670212071373247,-0.2509834566891484,-0.6874857500965921,0.0528182221471193,-2.83662691870341,0.0410827622128105,0.3188436431983328,0.030561160525067,-0.0156033567344332,1.29,0
136035.0,1.86164498778048,-0.3488404987113329,-0.5009425916631116,0.4091630899138058,-0.4398119800569887,0.1191079297812453,-0.8518024114689673,0.2259486530664487,0.8998952145020296,-0.3611023690990276,1.3511767824548755,1.153540402439836,0.7155586684577958,-1.41074625044323,0.1966615274048487,1.151606474740783,0.027951882196841,0.8834920867355526,-0.3001013473729557,-0.0114391395173136,0.0264537909626465,0.1327945199714264,0.3069908816744596,0.638127490014897,-0.5979302234991448,0.2880573857973734,0.0010558647616918,-0.0071482237880462,39.28,0
42472.0,1.159604758094547,0.4036259513037596,0.5233889631482384,2.493115680961147,0.348970974529843,0.8326430475656914,-0.0523354121112708,0.1031838911488258,-0.3449186425180485,0.4333794167704642,-1.316744290977981,0.6909897987451404,1.3436351980014831,-0.4730933260490141,-0.7299586472740708,-0.0148692517632357,-0.2499489663430368,-0.859510249770216,-0.6703407487006586,-0.0811634857467873,-0.0875233259866381,0.0286214356733352,-0.1763126473262083,-0.7162438395492137,0.706560096612304,0.1543359214237462,0.031385642539913,0.0125135107925392,11.71,0
97635.0,0.2444365907570773,1.259660770529888,-0.6405911830990146,-0.1193974387467872,1.199698083280037,-1.2549261959167477,1.4417409699246837,-1.6915691800583563,0.774882133872919,-0.3986794378853447,0.4284709750931418,-2.1144270703839227,2.4561081742764843,1.8951479675543088,-0.3548667631346086,-1.3126040401734418,0.6998918236734837,-0.190640483498255,0.7279507950423411,-0.1787785492438725,0.9085313140497916,0.8233519538327845,-0.0575425896016731,0.012175659692417,-0.8760219277737882,0.1314156654583671,0.0944905905449446,0.0338221876774743,11.0,0
75776.0,-1.078184275040417,0.201606392594654,0.83962229027908,-0.494824346374221,0.5072843457158388,-0.8176637945774812,1.7238230620563075,-0.27838784799678,-0.8807328255016348,-0.9286298752927096,-0.838703121101034,0.1024028531658711,0.6462760167599406,0.2236665499876728,0.1105980167464746,0.3410697494552441,-0.7366957199498608,-0.5949903713381202,-0.2759200845408157,0.4651338129553311,-0.1803927652623359,-1.061831195974007,0.4031840362215821,-0.1731656054662566,0.0992892133768625,0.0087456672618425,-0.0752408682749665,0.1125488888861264,204.9,0
155170.0,-0.2893125755117414,1.3041969472551744,-0.4200087545470117,1.1288528854896691,0.5063088460778095,-0.3165334265860817,0.2838042425675683,0.2552103695459776,-0.7991861766622338,-0.4574933039418463,-0.5518873798357923,-0.0691021021914103,0.4736109173945242,-0.4924314651066146,1.4002732082277816,-0.7672623219948008,1.6523680017094882,0.1127850259618611,2.7002239892344013,0.1413561439593508,-0.1821040651171881,-0.4780150406676484,0.2460882293989101,0.548025741556453,-0.9416988886727824,0.5360349683345723,-0.0403883971064119,0.1503748364032723,1.29,0
27699.0,1.2140874538259714,-0.457960761491849,-0.433451021358944,-0.364814877981958,1.4373385845594815,3.873505061379821,-1.1773565821395546,1.0365995859432315,0.6817809104729112,-0.124320602458753,-0.4103540036306275,0.1515037035293122,0.0817543776691142,-0.1639902840227794,0.8307532540662089,0.6549217207917849,-0.8331105058586283,0.4824663885594032,0.105221154289148,0.0691935641238945,0.0549286535915713,0.1290374717242267,-0.1096308816947143,1.0608055442653372,0.5046135806833529,0.4803754656589861,0.0122019382823149,0.0217419726944998,26.25,0
122342.0,2.19892200114513,-0.5448787023315766,-1.1110907645314887,-0.7227634367513073,-0.632334841865415,-1.5343304033187373,-0.1429040414575068,-0.4777617627538725,-0.6570028830163169,0.7596467803505509,-0.1118739393304366,0.2556746094486061,0.9887428077873784,-0.1960858788914345,-0.4114788492070178,0.3952720771472796,0.543302252672468,-2.222101289084655,0.5941589963928353,-0.0277260345537746,0.0659410712130447,0.3058953145915642,0.2456631122958392,0.4374523511391934,-0.0459624793518688,-0.3039843320961605,-0.028207578769971,-0.0588360251362632,3.96,0
157617.0,2.128511756480072,0.0100122429232795,-2.4903354516547704,-0.3121043203227012,1.0454967606374923,-0.6455363235379976,0.6053661150758834,-0.2897818368074859,0.0397129495064645,0.1869409084743552,0.456394452216495,0.4796832216736291,-0.4942981240285473,1.0523497761929126,-0.1420774645167184,-0.2715927650110501,-0.6789177966582239,0.1576110099123699,0.5788468281017182,-0.2089869019207477,0.1547685008567918,0.5010103515868047,-0.0898003793798586,0.0778118705008614,0.482350867037733,0.2329301293613926,-0.0960494093654771,-0.0892812291799944,7.6,0
147597.0,-4.234520325402435,-4.630354456816538,-0.1972730815344878,-1.5533978451038244,3.1428057498572524,-1.464140640504176,0.1705460800886721,-0.5524063741137801,-0.938347975008986,0.6984445601988984,0.0125575991098447,-0.3653307114348827,1.2800821361636248,-0.6789199442323209,-0.5170000085514952,1.9053360231137384,-1.2088640621452884,-0.482747414362739,1.0057870529729125,-1.542052708184016,-0.2933109736023255,1.4738452609645238,2.529896496842847,-1.3760370940281097,1.1670758973146165,0.073641598736183,0.6120101751435799,-0.5778788268710806,110.07,0
64422.0,1.1902089422278437,0.3500745317514677,0.4243942894999341,0.7154107772438217,-0.2995175839821406,-0.777475118490036,0.0498199125502879,-0.1143020970296466,-0.0686549933033277,-0.341924132789058,0.5308393065609494,0.691370423838176,0.6451104143326344,-0.3383064355320714,1.26768073062597,0.0679060691702356,0.3630948066476664,-0.9151259343636836,-0.6828767148325633,-0.090887640299681,-0.2327584652313342,-0.6150640612473011,0.1929852244261699,0.3736375753513746,0.1165374380849139,0.1022438992591798,-0.0029572483502478,0.0318115568896161,1.98,0
137724.0,-0.0697332797352427,0.7733241068515404,-0.2036038169504394,-0.7516029155900822,0.3468169207604734,-0.9569617809931122,-0.5030638381737031,-2.565043938588708,0.578442611827646,-0.360367523512902,-1.2979991090208565,-0.3728010547358481,-1.812542161538023,0.7259896581331574,-0.5139738062981887,0.2977521820363502,-0.3784565967611301,-0.6973580539082861,-0.8367838352409438,-0.8730011323479903,2.01649862183267,-1.7094619454187296,-0.2377229613811955,-0.0774104801276066,-0.012044035870342,0.0925859214934245,0.245696060659368,0.3132499124116571,1.98,0
50926.0,-0.9237566107620894,0.5790125083247081,1.3536477796845343,0.7892273414727213,0.7061205199364133,-0.4498608596119059,0.3777703705323073,0.0240631827670111,-0.2238555759438934,0.7343744281588549,1.4946060974437962,0.0107432029195704,-1.388347292472181,0.5260673284938719,0.774015304917521,-0.5261323617671004,-0.1263240201967426,0.181899557662526,0.2613256169797613,0.1470194180772861,0.0781679994783724,0.6290554669398073,-0.2048856511453278,0.2160918101600273,-0.3541429786707887,-0.3319086640024833,0.4365051623624149,0.0279074096705256,10.02,0
52187.0,-0.8362378032610738,1.157426386841865,1.5321662960958573,1.4899083683052663,-0.3373177364215344,-0.2836212322921796,0.2260133332078799,0.4901989425961462,-0.6324917600223461,-0.5668248485967187,-0.350373494030865,0.2694876705058073,-0.5540614968100719,0.4696277547029356,0.2222926619334364,-1.2318623338745331,1.0400934939901911,-0.7633207529515654,0.5853229838736118,-0.1222588403438355,0.0662961366356833,0.253719608844045,-0.1192176593785002,0.6253083797304259,0.0605197068176185,-0.2214483245861587,0.0256126367373258,0.0392675057293181,6.87,0
122880.0,2.026529900893768,-0.9931968358422724,-1.1678515062593675,-0.6006317954520273,-0.4143954907965888,0.1911669386293868,-0.7067123885034796,0.0698639528736643,-0.0033711230905442,0.7413210578364311,-0.053442675203289,0.39139974867466,-0.1505604271382872,0.2442430778898629,-0.1844080847199523,-1.2824731503286138,-0.6528181295318898,2.0846772976825365,-0.2683636286756414,-0.5112384777637017,-0.2982611043847716,-0.3983542291394465,0.1461192839116799,0.0227854515892094,-0.0769301561241707,-0.6920993942502269,0.0414128967188807,-0.0357004150172691,63.0,0
155173.0,-0.5415427336909179,1.5912659218670462,-1.3177924136699466,0.9141448297610336,1.212490947467223,-0.0695124488522877,1.079809910833177,0.4410740339231415,-0.9932120986940544,-0.6839620450739062,0.3125928856495233,-0.2856946792382117,-1.286613281982169,-0.3371236805873767,-0.7125911825733824,-0.1960242544949915,1.136979456832766,1.1534736538251138,0.994703640568897,0.0780498361928063,0.1044540222116179,0.3175562804284486,-0.1738004249875946,0.0738431420653163,0.0848979535470202,-0.3932160145524889,0.3009860630474935,0.20742142915563,55.54,0
116093.0,-1.2423337567881445,2.059034826221764,-1.4544727405736133,-1.4572121124443844,1.050435024089458,-1.415438050303885,1.627480905519692,-0.3371520474310465,0.7391385038766669,1.2708702636832756,-0.9111493347327648,-0.4188075694490982,-0.7547219548814248,0.3548344624344338,0.0147504115982251,-0.7551253363236093,-0.4939197566242862,-0.3670444930772447,-0.251420409132308,0.6040310507916654,0.0250561241990208,0.7524192057816608,-0.1803740982412124,0.75061639251295,-0.0735493971539126,0.0245998927557832,0.4577450335346751,0.0669993727976985,0.92,0
134450.0,-0.7199217472557474,-0.4574256148612463,1.055190062656554,0.1443760196599792,0.1021985737166591,1.3714995428548005,0.4035344609823968,0.3963221228070559,0.131707901389897,-0.7368546423693865,-0.3951094869219277,0.3456373325427948,0.5017733037520089,-0.1980067437195657,1.3061209872648043,-1.115448565162493,0.7095099305312753,-1.0942807593571615,-0.4442130365033132,0.4472671842489142,0.5366059759947904,1.4677110726501406,0.4343052152654815,-0.9662014303494924,-0.8398846266739267,0.800862185895515,0.16633697526374,0.2040225960667979,201.8,0
60946.0,-0.7907660219493471,-0.1836554389342117,2.1913189291084567,-1.8218168355844997,-1.0337355844778795,0.0411771006904816,-0.27619889052244,0.2773213797421588,-1.0207491473448906,0.1342702991825664,1.3458292675031265,-0.7503761417334458,-1.1466873569177978,-0.1532735599814166,0.1598189357942622,1.5468953157101233,-0.0366443490836605,-0.6343109598536946,-0.4459707537807363,-0.0695801845430908,0.546571688132624,1.38038783192007,-0.2264166771170711,0.240201431296919,-0.1104428698195081,-0.2077258898071002,0.0178751341925938,0.0706306472814159,69.99,0
43249.0,-0.4972671465126494,0.5444344077171327,1.721015365771402,2.834881320524924,0.7899005217859588,2.4256806086259157,-0.2391625493167142,0.892307556586803,-0.9865324983122024,0.5966208957421438,1.355438134685678,0.1245749291559394,-1.5944323300083332,0.4450865264301952,0.3036568622401278,-1.6533468320369775,1.485863196423079,-1.4058829294154511,-0.1083947599710741,-0.0622577548171868,0.235961443967486,0.9036340668886343,0.0776681173106398,-1.0293272834479614,-0.8636291818034256,0.3317113327873563,0.2504104582171743,0.1537538510961885,18.31,0
39921.0,-1.2892436425082403,-1.8107839216724595,0.83086326668968,-0.5687572850355891,1.0751038954473862,-0.1650091728393506,-1.0547080630226962,0.111384780763637,-0.9619794858038953,0.6941808644122475,-1.2783018389744756,-0.7459744897828892,1.517846348567638,-0.5909512191290681,1.5744833899072892,0.9594405714090048,0.1506926471486591,-0.7998639777924637,1.5832310167689552,0.5202420323137033,0.4719089823024247,1.1751978623847166,0.2050707424710409,-1.2485334467828832,-0.6136370587084214,-0.0177201517157755,0.0219357282854665,0.4859852371855157,90.0,0
39055.0,-1.0121951179322457,0.7547350291925229,1.3551258325596869,-0.0002324263079218,0.1206544421008316,1.5692811661203985,0.9322759590911344,0.0953946173187885,0.3838370082949072,-0.0257074312030545,0.6140498046570317,0.6031282091790477,-0.1122465782274835,-0.4766868685931995,0.7191172169377904,-1.8210502065348533,1.2031375839967076,-2.6885336942899447,-1.337038960990535,-0.1902845021887884,-0.1031156983484412,0.2630472860837289,0.011440071289203,-0.6009746970725672,-0.3617873741696474,0.2767097687617267,-0.3035143597180072,-0.1762360349591188,114.32,0
144330.0,-3.3579831175774286,3.8991356482038606,-2.363779392668073,-0.5859377892800276,-0.2747884662601335,1.9607338255373612,-4.150196789213955,-13.396938385550698,1.0834082387284891,0.4116963648088725,0.6374617032812513,0.8515699353541819,-1.6598496906319264,0.1370948698577175,0.0429968627098195,0.5306033601776537,1.3164780638548377,1.5410298587890623,-0.2404448174852755,-2.866555452527887,13.2502310936316,-3.678195843937484,1.5817141940508763,-0.8042331930650688,0.8530390276679307,0.0704999615441146,0.7778449986909057,0.4419354960045567,2.99,0
149280.0,-1.285936855966418,-0.2219738174864788,1.695992834856068,-1.0217033626489884,1.733605789184139,2.3480006386164067,-0.4504783003954424,0.955286295849214,-0.1621161211848783,-0.9636549804916246,1.1263330541100582,0.8654651197928575,0.1313481401753615,-0.0721965739014664,0.5447161658346217,-0.734616190280497,0.3226692175868527,-1.1033450409095154,-1.2747088531675217,0.0556731613130039,0.384415756168097,1.1191233525686155,-0.2885488201968496,-0.9961448264208728,0.336818927537324,0.8512768631653098,0.0454685545071404,0.041872993531257,12.6,0
141952.0,1.8855014343841536,0.365525409586616,-2.331042133753753,1.4096418595758775,1.051481743626311,-0.6262587831271536,0.682517022766414,-0.2400955361140134,-0.2433992022973265,-0.2359857503152321,1.299303283061223,1.067104076520111,0.290295287825165,-0.9160363243853537,-1.0935822326737918,-0.0665756097613183,0.7295430663853539,0.4453993389793539,-0.1768122638687699,-0.0691955420284035,0.0540045949061066,0.2422764297252958,-0.0519377536441035,0.6018414005149526,0.4491939090530477,-0.5497692554826812,-0.0103395293175601,-0.0215805535796754,59.15,0
107492.0,1.7520369911995146,-0.2544667010081938,-1.4905957934574403,0.6713965956128912,0.1283102628187865,-0.7381868748245047,0.0475264730468144,-0.2157299783598859,1.8571116131652767,-0.8581085479744759,0.5929638741402524,-2.8961575072892187,0.9313228582537568,0.6627001100141531,0.442546298807383,0.871525550107217,1.1795186820142518,0.174103265737712,-0.4671024185764857,0.0758155719814735,-0.6007775385632933,-1.901588180224392,0.4417310852004777,0.3578700258943754,-0.782429234179617,-0.1682064962970291,-0.1062149289545949,0.0056507238234276,156.5,0
151088.0,-0.2331849339011802,-1.180132125736914,2.8868334746370885,-1.9649281988236744,-1.9289243646952248,1.395900517343741,-1.7210266644774097,0.6262679861757527,-0.6908062289384704,0.543682474996253,-0.6345137044375432,-0.2523031541398434,0.1084013272580755,-1.785044646897515,-2.53034014075443,-0.73573853482685,0.8196149896301651,0.9731453544299008,0.9308810509880908,-0.2457430086427164,-0.0605386118461814,0.6310316976944699,-0.3919851717853432,-0.4314409544024398,0.4864765105146184,0.244896118709828,0.0651975655626064,-0.0557264851578224,20.5,0
87959.0,-1.3756229512909226,1.39575594193114,-0.230344434658039,-2.844089653990127,0.6943366213686906,-0.6251986497551868,0.7868932976981435,0.4574534598177965,0.0399392016891651,-0.6717149574700797,0.3366581490045384,0.8070647125768895,-0.0346914317357815,0.4929744768557802,-1.1352667799732843,0.6853757061250009,-1.0616325731892478,-0.1856184032264599,-0.4182912819482395,0.103973427330574,-0.2804801901673022,-0.8208630139557797,-0.0878065812434227,0.2804542062705643,0.0841372078240114,0.3563269313832608,0.3042505435401297,0.2151954757122215,1.0,0
111137.0,2.103683390739054,0.0305029416505571,-1.438682434444979,0.3282259495119049,0.3505306684082057,-0.7318492947501707,0.0220854462509539,-0.3199477129422692,2.155384049331941,-0.4500259882499973,-0.1580182981575079,-2.6559060637323686,1.0902697912228327,2.0231559414373503,0.2553788703828945,-0.1816047637120637,0.1172989826673239,0.5577716646575234,-0.2767748696200477,-0.3028965822705272,0.0879413911288962,0.6184652061005517,-0.00147033083971,0.4181239235092077,0.3445818573039949,-0.4731825968349183,-0.0277841926407596,-0.0575675658497096,1.0,0
40821.0,-0.1668220278859902,-3.130053849292358,1.4247725206692832,1.7155314339386196,-2.7172639955932447,1.2048490656961242,-0.8737285739787882,0.3373682782814108,0.7803083172524348,0.068319758776075,-1.282786861553857,0.4870685054806262,-0.1791321883596241,-1.1079299652782837,-1.2602044975591356,-2.1764111803643416,0.9347089916915816,1.017525232346725,-1.4206558991556644,0.7227633510565465,0.1694336628779937,-0.0034972254321906,-0.5886379628369272,0.4428083465651059,0.0980359782012708,-0.1572773584362354,0.0375421001787977,0.161468567518154,675.49,0
48877.0,1.476099629942076,-0.7505376036196454,0.1318405316989168,-1.3259984218382996,-1.089834991405535,-1.017504910631717,-0.4843136804523271,-0.3136377837326969,-2.337966408260409,1.3856417681381912,0.2736509343249099,-0.1886024988240264,1.1524672165297067,-0.1630914324627562,0.4334926487225368,-1.0842600637081805,1.0031215021159747,-1.2217252616859369,-0.4555124699622065,-0.3254123877426913,-0.4457490234547705,-0.8748726848117854,0.2104694263778458,0.361651877435186,0.2508733796102729,-0.4428368703316305,0.025105986690042,0.017600059403438,16.53,0
63099.0,1.4397551868622247,-1.13243339982949,0.6895575837178437,-1.5661432637287918,-1.3807947310344555,0.1926385903613147,-1.402328833249181,0.1321306553775261,-1.9285391422884417,1.535336298750402,1.2146694396136886,0.0815639354188556,1.148092170013444,-0.4143297692989821,0.3487857616881402,-0.1786790179048038,0.2469409394356199,0.3857138031364693,-0.3902062095325656,-0.2941268824721429,0.0030049682730551,0.4577379999420395,-0.0293026568584458,-0.286978193841025,0.3027767497217968,-0.072964234043975,0.0684298123340124,0.0114305752043551,10.4,0
69251.0,-0.7831137611289892,0.6531230689772058,1.4328181046829689,-0.4361072003693899,0.7233395935290409,-0.8515722373556265,0.582932575478866,0.0526931455119455,-0.4181592349838907,-0.9937135604531644,-0.1842738970146729,-0.112635230065417,-0.2595396920627363,-0.3211187835657571,0.6389980001771018,0.3962460804899568,-0.0120307979665041,-0.6161410907609383,-1.2366605356484457,-0.0961112021447015,-0.1344890037651478,-0.5481951345079495,0.0532751701492772,0.0104625285255502,-0.4109295038129901,-0.0839978708098082,0.0696185306440744,0.1403795370476684,0.99,0
74167.0,0.2971036443178613,0.5563965137453591,-0.67980503821111,-0.4560816525558183,2.3827341977914585,3.549693212438668,-0.3153577655811064,-0.0107939423517574,-0.4337814626106078,-0.1871551128946951,-0.2352337899053984,-0.0402245515050533,-0.1233692200091557,0.6009849210850634,0.974587713893696,0.3733270168806072,-0.8937978055012643,0.3328787616257883,-0.0838328828431528,-0.1203660273054108,0.7581384225312499,-0.4259464445459087,-0.2252981705168127,0.9975645337164164,1.1189014712845418,-0.2870727714994536,0.1706703878910234,0.2175736414017948,9.99,0
159825.0,2.035402481150904,-0.2670768144825863,-3.454501699667248,-0.6699542633809631,2.9214963572167134,2.930604794287368,0.1501525420070594,0.5497811651068357,0.2176105106186863,0.0023013440810313,-0.0846334837969241,0.359601011857343,-0.3891621096538137,0.867077155700228,0.2174683382465939,-0.9607655365085442,-0.184964564455845,-0.6856246791743251,0.0265179604440377,-0.1400198114879565,0.1466009897276157,0.4777683230486928,-0.0624272514350657,0.7526995340811131,0.586043531294838,-0.050513207901344,-0.0390435039475292,-0.0761186571908836,32.12,0
28692.0,-29.200328590574404,16.155701429805745,-30.013712485724767,6.47673117996833,-21.22580965351654,-4.90299739658728,-19.791248405247,19.1683273897301,-3.617241786042546,-7.870121942925488,4.06625507293473,-5.661492422617706,1.292950144542422,-5.079845681357794,-0.1265227404169212,-5.244471519742639,-11.274972585125203,-4.678436529293761,0.650807370688892,1.7158618242835826,1.8093709332883992,-2.1758152034214184,-1.365104107550903,0.1742863595665442,2.103868072047147,-0.2099439991305673,1.2786809708421838,0.3723927143385406,99.99,1
21662.0,-18.018561187677083,10.558600188253774,-24.667741248573243,11.786180361639891,-10.564656569212,-2.6456811993624543,-18.023467672679956,2.693655403080479,-6.2194636278523845,-12.7447607871859,9.31813768535999,-13.37785743394574,1.0219238677746567,-12.7843458873548,-0.4511458432519389,-7.551364931405591,-11.325996872459644,-4.701252777495477,0.5163170732746114,1.0077032053375703,-2.319479462080344,0.9088387831508012,1.35290370698024,-1.0592223376279124,0.185750941504222,0.687037383632165,2.0780805837995646,-1.429517022645246,1.0,1
85285.0,-7.030308144454411,3.421990904675527,-9.52507177254752,5.270891009065957,-4.02463027558805,-2.8656816177573865,-6.989194734394464,3.7915509375591294,-4.622730335964506,-8.409664875627346,6.309044006031767,-8.576761432589366,0.2467467169298621,-11.5340460181508,-0.3642651387587002,-5.452494657713823,-11.88757002018723,-3.563584810070114,0.8760187681566283,0.5456980406214452,1.1033977448425625,-0.5418547515895208,0.0369432219896494,-0.355519004066217,0.3536343820970005,1.0424579928213074,1.359515631563762,-0.2721881012572943,0.0,1
91075.0,-1.8550607018499785,1.5549636069771775,-1.4058088285010686,0.6693273457413165,-0.2802295201064645,1.1786524673320298,-3.4599790661149243,-2.8151549531259863,1.2422287651224246,-4.15635447965382,2.2094407518592267,-5.122314109311034,0.6612971061715598,-3.103937719521094,-2.410869731923882,-2.425015632178856,-3.9606226890998864,-0.1250177880380361,0.6003972884272303,0.5369164580291934,-0.0953083066630983,0.9466289184711196,-0.2974029590673046,-0.3683438912071027,0.1987311562873593,-0.0785905919566463,0.3667093558893235,0.0737667168278095,38.76,1
26585.0,-19.85632233344332,12.09589322592992,-22.46408274648763,6.115541101917707,-15.148021520961516,-4.346724083495992,-15.648507472266145,13.276804805634136,-3.974161619541023,-8.859194058808836,5.730815537444594,-8.088033512136514,0.2308249693249023,-8.578973273334539,0.000946636693186,-6.947746067260939,-13.472897007650088,-4.940210828868018,1.230142551938022,1.5829295549218665,1.750729840454208,-1.409635709081411,-0.8098092783338817,0.1213966599058849,1.3503000707746802,-0.2242918735255852,1.597621368352541,0.476919818025438,99.99,1
55760.0,-6.003421676458293,-3.9307313959726273,-0.0070454551172806,1.7146691826449822,3.414666602215287,-2.329582622541937,-1.9015116901207985,-2.7461110911418944,0.8876732077649766,-0.0492328559624843,-0.1531310266601168,-0.8143098461457037,-1.8947955862330776,-0.8314826087959704,1.3872886952152457,1.1889067585206272,0.536817322665437,-0.0514032140040002,-1.231385501651845,-4.128185828717981,1.101671316667535,-0.992493706726384,-0.6982589283619534,0.1398976735404646,-0.2051507956317217,-0.4724122626659411,1.7753780565106347,-0.1042846259255882,311.91,1
12093.0,-4.696795224445041,2.693867478840082,-4.47513271259153,5.467684548778102,-1.556758075497578,-1.5494202890425317,-4.10421487278526,0.5539340754162926,-1.4984681310749393,-4.594951762850092,5.275505850772543,-11.349028550091502,0.3745492351039213,-8.138694884347732,0.5485708941681344,-6.65359434741365,-10.24675540660012,-4.191066266554914,0.9914861222572928,-0.1589705486606111,0.5738980811126505,-0.080162775398157,0.3184078171481935,-0.2458622026508528,0.3382384315641414,0.0322706213908033,-1.5084579336321886,0.6080746825901013,0.0,1
41194.0,-7.896886153075765,5.381019522516848,-8.451161614582663,7.963928087423068,-7.86241943013129,-2.3768199752145884,-11.949723456924936,5.051355672691649,-6.912076009385491,-11.58974831143304,6.645200726066167,-13.54209559646496,0.8882479188399091,-12.623316046432045,1.002755195628951,-12.432279142635297,-23.24159714794906,-8.495298938031967,3.453942555184584,0.6459743218694306,2.557943956449854,0.9262778834975876,0.0327949396062788,0.6380725856858074,0.361887213739485,0.4445765204779862,1.1019231481899616,0.2059580125081078,1.52,1
155662.0,-1.928613266659019,4.6015055871084165,-7.124052977945775,5.716088036730922,1.0265785454506002,-3.189073067087969,-2.2618969015811192,1.1850963555754628,-4.441941615159199,-6.646153829521484,3.827868090716404,-6.518648822482494,0.25113654845891,-12.45670595270548,-0.6491664821094228,-1.283145000246351,-2.718559725037032,-0.0854660890712057,-2.097385471207663,0.3287959830293915,0.602290585417557,-0.5412874650140775,-0.3546392789549505,-0.7014920583202086,-0.030972982083643,0.03406987758686,0.5733930319988801,0.2946863160812377,0.77,1
101597.0,0.9131161352899198,1.1453810871791037,-4.602877932735048,2.09180337375362,-0.4732238592805854,-2.085435832557104,-1.6712440323223103,0.0943965856348779,0.3377987653975725,-4.431809631728195,4.8719798597605175,-5.395221176789367,1.3325021562193693,-4.60379669207464,-0.7773135481186704,-2.571891561035092,-3.0036153052965213,-0.2254413884175254,0.2522735650316922,0.5089847482909795,0.4014157410989603,-0.0849334160429758,-0.1976844344947848,-0.2832710789825574,0.3875973357220743,-0.5535269863860248,0.5162744567822606,0.2708281870837578,147.87,1
7610.0,0.7256457398198566,2.300894437766025,-5.329976183009166,4.007682804682,-1.730410590252058,-1.7321925682224435,-3.968592618137072,1.063728153441046,-0.4860965523448331,-4.624984954065964,5.5887239146762,-7.14824263637845,1.68045074096412,-6.210257746610284,0.4952821178142976,-3.599540209218405,-4.83032424210571,-0.6490901202116942,2.250123248788101,0.5046462261032858,0.5896691273231984,0.1095413192299133,0.6010452765210793,-0.3647002782200395,-1.8430776921519416,0.3519092984348918,0.5945499780864638,0.0993722360416487,1.0,1
85285.0,-6.713406971596929,3.92110415204576,-9.746678217375424,5.148262549380132,-5.151562719851874,-2.0993886568111253,-5.937766831701978,3.5787796042044726,-4.684951750583299,-8.537757686534572,6.348979303412087,-8.681608931683517,0.2511793847746191,-11.608002257099256,-0.3515687820343547,-5.36356643348466,-11.939091505211648,-3.5836028702004312,0.897402406121681,0.1357113227290592,0.9542722019275172,-0.4510864485810099,0.1272144240717108,-0.3394498692975649,0.3940955136338071,1.0752950989180543,1.649905909242398,-0.3949053721948078,252.92,1
28726.0,-29.876365513976268,16.43452455122226,-30.55869682142922,6.50586178736296,-21.66565429565693,-4.940356329497962,-20.08139107464937,19.587772623440376,-3.591491047115956,-7.800598207727588,3.9478397172902575,-5.487911486048795,1.3699403492420572,-4.829552443008349,-0.1344120954411347,-5.121162404511421,-11.118190450917176,-4.659955869838012,0.608930080519071,1.7247788383796134,1.8129539746487804,-2.232251587531509,-1.412803442825559,0.1787310695614371,2.1560418581670637,-0.2093846241137698,1.2556489008596603,0.3645304529755092,99.99,1
41413.0,-15.140449622507267,7.378042412212844,-16.356367356494005,9.194934914300203,-13.466163289594151,-2.9584305008210303,-16.165538624419156,10.075253945553234,-7.901821126277862,-13.00940280576412,4.828235332197287,-11.058401424436418,1.998125575522946,-8.592047401892877,0.5403853091761156,-10.61574529686608,-21.01789834284426,-8.397393051993168,3.1835589496797647,-1.6914819878255314,3.147428104732337,0.3416775950712057,-1.1501624708995222,0.7951897349649459,-0.1945421811097579,0.1459635686264387,-2.4586803475657417,-1.189887881351282,106.55,1
150139.0,-6.682831916226273,-2.7142680445982115,-5.774530456908059,1.4497923746674195,-0.6618364082225099,-1.1486497402602895,0.8496864560670883,0.4334270224703547,-1.315646389099895,-2.7963315385860943,-0.4487937255963617,-2.562602407745719,0.2434825268446981,-1.1816693906449365,0.004372871675287,-2.3025956900034035,-4.446191868552996,-1.7104631484662065,0.982728632705372,-1.928527192548563,0.2205262948159097,1.1870132043874255,0.3358208165325337,0.2156829641008268,0.803109991522633,0.0440333423786633,-0.0549876279785609,0.0823370925160336,237.26,1
27187.0,-24.5902447690465,14.044566781510628,-26.278700586614463,6.320089265189271,-18.22451267366727,-4.60996782569686,-17.68100337151549,16.21362674714093,-3.794093468774144,-8.37275316035861,4.901682655138767,-6.87283866404082,0.769776762734501,-6.826584486580538,-0.0544341798176027,-6.084952665035826,-12.37527052979596,-4.810344741266989,0.9367422379366076,1.6492020222957098,1.7770627724353123,-1.8048736861157595,-1.140604569170632,0.1522344664156789,1.715997024032574,-0.22047119903665,1.4349505814348296,0.4224918577626657,99.99,1
35585.0,-2.0190007193814803,1.4912697292636117,0.0052218157286719,0.8172532704637022,0.973252233873376,-0.6392683127782917,-0.9740729970787864,-3.146928891076592,-0.0031590736890201,-0.1216532176846089,0.0243696057661543,-1.073812240384963,-2.0027691091916906,-0.8954336207517218,1.748936301080123,-0.103527023620705,2.0311957497319337,0.3175983567774196,0.3867606369241397,-1.0299646824978208,2.8395961079644403,-1.1854428409684088,-0.1428118758018542,-0.0861029384113328,-0.3291132535224254,0.5236012263772883,0.6262827713978778,0.1524399380586685,0.76,1
71033.0,-3.170818415459024,0.1857345547744029,-3.399851579311623,3.76115529034876,-2.148047027976088,-1.5989444252053149,-2.519565318052313,1.316215010702142,-2.400106116218243,-4.993417038296467,4.447191766265149,-5.293760102546841,-1.4195782992744113,-6.425276213524434,0.9140830341957924,-3.5151971662538126,-6.34745330751181,-0.9035121658240504,1.1916062676632908,1.93225372509724,1.0920511338093128,-0.0410804286307277,0.904395217733676,0.1800156015865374,0.0499703397242654,-0.2570998377844361,0.8592815664870159,0.2259241857256054,426.4,1
125612.0,1.8896179143519856,1.073098534282075,-1.6780175221382452,4.17326819444992,1.0155158060976237,-0.0093890345376856,-0.0797056036973578,0.0640708218352962,-0.7145166758073384,0.0422275201898101,-0.4084027810570033,-0.9293700657714818,0.0586863166856154,-3.5128454612218087,-0.1646129741266333,2.0698530247487805,1.7333815808836983,1.580757962123243,-2.335185376099622,-0.1535702646528504,0.2037279784949432,0.733795720552592,-0.0365597489616081,0.3343057707035969,0.1471710356379618,0.2795564882229509,0.0316687807243936,0.0358833226413502,3.22,1
158638.0,-5.976119322621733,-7.196979630537351,-5.38831591092631,5.104798647287,4.676532866925434,-5.566870060399831,-4.291180421967463,0.8765305600320163,-1.0754780873508918,-3.272569173851921,1.168215943483497,-2.134731971220406,1.12831321986543,-4.566009860171868,-0.126950406755583,-2.82698551177892,-2.865749701465175,-0.9129342382006312,0.4211440827405471,3.136338132094842,1.4593690579479937,-0.13626168712612,0.8481771735984915,-0.2699163797772937,-1.0950596043735463,-0.7109052419519382,0.565846302250925,-1.0341071866234064,296.0,1
93904.0,-11.320633110781548,7.1919501426236,-13.179082545468642,9.099551882041569,-10.094748875093993,-2.4401150702003327,-14.184337295095252,4.452502933973582,-6.241960002769021,-12.61816268723804,6.057319304779317,-15.717606646877163,0.1178174095566087,-8.653743357067507,-2.502553776276172,-11.231364454523394,-21.585152141233717,-9.090892060997636,1.1711887325023742,-0.1809347252696773,1.082235327765255,-0.350562500439559,0.4830439458030593,0.661132920850802,-0.396521511995203,-0.4133153884086821,-0.997547797965388,-0.2350358825450306,37.93,1
58222.0,-1.3227890632195625,1.5527682112696373,-2.2769207036263786,2.9921173912461825,-1.9470639201731847,-0.4802882503845272,-1.3623875231804674,0.9532422265986128,-2.329628859923895,-3.393553481151721,3.1284396921776048,-3.570393730781068,-0.5951981914744626,-3.988415054796229,0.995905842419722,-2.843784558551439,-4.826246116071607,-0.7038834648644733,2.152214557707561,0.9884934868889906,0.6149689967526591,-0.1951997172774616,0.5907112617008389,-0.2333776638850375,-0.1642852867851833,-0.2774978705345503,0.4286100847349214,0.246393746180351,270.0,1
154657.0,-0.6795205741013162,4.672552751921874,-6.814798439977912,7.143500120270699,0.9286538390592756,-1.8730131533432293,-2.306689020920681,0.9937019277105312,-4.9440541559267945,-5.576418795756591,5.783654438916132,-6.117703911446041,0.6141648409529803,-12.451498657048033,0.4271524778264797,-2.255853807240901,-2.128026553875105,0.7067650289870806,1.0938257975039083,0.8720055312661239,0.5668485319438771,-0.3216914977528095,-0.2813245683007435,-1.1202560382628284,-0.0733943446607603,0.5535304298603455,0.7605419281112462,0.3867418210301013,0.77,1
167338.0,-1.3744243880259257,2.7931846110464105,-4.346572055446072,2.400731419932133,-1.6884327142604094,0.1111360925209392,-0.9220376212627452,-2.149929975296008,-2.027473756109265,-4.390841922182794,1.241958175545922,-3.910521500188149,-1.2256362992395342,-4.697996871287771,0.6761083041069388,-2.07706554161602,-2.6835208979088385,-0.5259493325502178,0.4223424448193397,0.6501958557198878,-0.8707785215550151,0.5048491599946197,0.1379942685098596,0.3682745689756502,0.1031366548035674,-0.414208828090744,0.4549815848583525,0.0967109642319915,349.08,1
28658.0,-28.524267593840577,15.876922987953606,-29.468732092526444,6.44759140152748,-20.78600004188374,-4.865613417556686,-19.501084075071176,18.74887195208826,-3.642989819252633,-7.939642419373251,4.184673689425085,-5.835075215238895,1.2159596452792785,-5.330143782462526,-0.1186311381533221,-5.3677752761883415,-11.431756911698615,-4.696924443732928,0.6926884120047705,1.7068890619924968,1.805769783926082,-2.11937616760819,-1.3174496220024845,0.1698456304691777,2.051687335062749,-0.2105020004594114,1.3017339649707604,0.3802461814185087,99.99,1
169142.0,-1.927883321054592,1.12565266367046,-4.51833064132991,1.749292533465889,-1.566487291977544,-2.010494231152116,-0.8828498308580806,0.6972111092613275,-2.0649452874475034,-5.58779378195338,2.1157951772133026,-5.417424081997301,-1.23512263142388,-6.665176894633383,0.401700686738171,-2.8978251167173736,-4.570529433650691,-1.3151472138542717,0.3911670409350714,1.2529667347036073,0.7785839789500706,-0.3191888188605126,0.6394189611531208,-0.2948850403800291,0.5375025355429845,0.788395056528708,0.2926799662952813,0.1479679287225376,390.0,1
146998.0,-2.0642397521398985,2.629739230340087,-0.7484062530346461,0.6949920404987644,0.4181779856102215,1.392519734167809,-1.6978012191262608,-6.333064612239246,1.7241842802594414,-0.887241636246378,-1.5942577920241594,-0.3387751181658249,-0.9780645133519164,-3.688825995402215,-1.4870834226688734,0.5269460207719244,2.347022899557032,1.6912200047071575,-0.7361106931064241,-1.4244861996242182,6.215513991490318,-1.276908595673938,0.459861127330875,-1.051685474893226,0.209178360382973,-0.3198594445060013,0.0154338685560935,-0.0501165001659192,8.0,1
41505.0,-16.526506569123146,8.584971795858221,-18.64985318519448,9.505593515087227,-13.793818527095734,-2.8324042993974743,-16.701694296044952,7.517343903709874,-8.507058636758977,-14.11018444154572,5.299236349639383,-10.83400648147339,1.67112025332681,-9.373858583649763,0.3608056416316173,-9.899246540806663,-19.2362923697613,-8.398551994945752,3.101735368854037,-1.5149234352785228,1.190738694814277,-1.1276700090206118,-2.358578769788102,0.6734613289872372,-1.413699674588197,-0.4627623613993301,-2.018575248751613,-1.0428041697088075,364.19,1
152036.0,-4.320609214812812,3.199938706544648,-5.799736053893452,6.502330235666959,0.3784792528078641,-1.9482463709665707,-2.1678595048066773,-0.7282067116054136,-1.9772383174567396,-3.473410703904281,4.569193752121354,-9.321152631360835,-1.592517651153862,-14.26683627980283,0.4677766024587874,-4.066208554881731,-6.626968177082459,-1.437158419380373,-0.2154097384509784,-0.2636860680219726,0.4766604248355195,0.4342783282844817,-0.13693991841301,-0.6200716954171287,0.6425305764142648,0.2807173480416397,-2.6491067489900284,0.5336409398485987,1.0,1
93853.0,-5.839191619280916,7.151532354322303,-12.816760080618684,7.03111476501099,-9.651272167989704,-2.9384272577162376,-11.543207169083225,4.843626531794358,-3.4942757250653544,-13.320788867178372,8.460244449016768,-17.003289445515954,0.1015566148913844,-14.094451660328971,0.7470307663925115,-12.66169572306794,-18.91249381721885,-6.626974845230605,4.008920742271942,0.0556838813863638,2.4620559112755926,1.0548651838295726,0.530480596078193,0.472669814042592,-0.2759979678806751,0.2824350248017525,0.1048860202105635,0.2544170967675129,316.06,1
29531.0,-1.0606762841975657,2.608579469908656,-2.971679002580708,4.360089352348485,3.738853043464255,-2.728395072636716,1.987616354662906,-0.3573447074161693,-2.7575345125120934,-2.33593332652232,2.111516867061038,-2.5919496496895134,-1.950589354674102,-7.311579817359349,0.0777527657738322,2.290607831989937,6.509271650184336,2.5699714262864566,-3.2861500821478677,-0.0890615369649179,-0.0631678773494981,-0.2073852840315082,-0.1832608171197216,-0.1036793734030964,0.8961783533643184,0.4073868720283911,-0.1309183112314783,0.1921773821374954,0.68,1
92092.0,-1.1084782185289133,3.448952572327378,-6.216971806056495,3.021051618125748,-0.5299009317099151,-2.551375175076425,-2.001742908192861,1.0924323736948254,-0.8360983687785313,-4.095648972735924,2.42595071598052,-6.067261945246978,1.8324327202238175,-3.5017025164882183,-1.004008204641852,-3.501281103028197,-2.941876323532004,-1.1257410619671888,0.3737148078524798,-0.0685983809223332,0.8259514914396215,1.1441697898884595,0.2085594819457687,-0.2954974244885621,-0.690232196243341,-0.3647490757885856,0.2293272201255037,0.2088298916895673,18.0,1
142840.0,-3.6138504550280266,-0.9221356930386508,-4.749887364192752,3.3730013278187405,-0.5452070254241032,-1.1713010626697395,-4.172314571410189,1.5170159429352117,-1.7758326807879188,-3.754053923055624,2.7315757822758124,-3.489374647290628,1.5473800890991605,-4.57126773103714,-0.5179585687408692,-4.239086531412227,-9.250634510006993,-2.4348278029985977,1.9873862769023591,-0.320540972806239,0.7867870185412005,0.8930648592283845,1.0349065670584066,0.097671080445461,-1.3455511250018608,-0.7883289132426888,1.055441974767326,0.0999714026087801,144.8,1
93860.0,-10.632374906159605,7.251936228554141,-17.68107182079178,8.204144406205618,-10.16659075190719,-4.510343770363338,-12.981606155965752,6.783588797974987,-4.659329583555579,-14.924654773548736,8.389142334519287,-16.465503942214113,0.3385169597865502,-14.224403603166952,0.556584472572111,-11.683998043525005,-15.841615978056083,-5.753199752783687,3.813040792763364,-0.8101464815612893,2.71535704420309,0.695602689761576,-1.1381220666416385,0.4594422419118278,0.3863373234958954,0.5224384492026138,-1.4166037365291526,-0.4883070357139947,188.52,1
12597.0,-2.589617198212688,7.016714384958572,-13.705407286909663,10.343228060411736,-2.9544610347557407,-3.055115785278044,-9.301288615143404,3.3495733607161418,-5.654212026411034,-11.853866972601004,11.669204735812086,-17.228662238618657,0.0555715664836117,-18.49377335510532,-0.3041721135190449,-10.629497390135318,-14.441211134276523,-5.105486465972285,1.2702262705049008,1.4888551923689557,1.8877377255145105,0.3339981845332235,0.2876590406174499,-1.186406409066439,-0.690272670076388,0.6317037722105457,1.9342207600594292,0.7896871722126554,1.0,1
81372.0,-0.8852540885989498,1.790649231639628,-0.9451489612052054,3.8534327465595295,-1.5435100748664914,0.188582114329739,-2.9883827564429613,1.3440585509568796,-2.2945347092474395,-1.886175990417629,1.9042835930762192,-4.002414030732367,-0.9369555884079576,-2.8019154230972365,0.7983280527832538,-2.3487399255521293,-6.426734307214985,-0.8273084252010239,1.7323817578504643,0.3700405205656465,0.7461599051511394,0.5508020119854158,-0.0348823420887785,-0.5676084044811899,-0.5283179527339514,0.258782456503747,0.506892694941992,0.1767355488194631,7.57,1
406.0,-2.3122265423263024,1.951992010641582,-1.6098507322976947,3.9979055875468,-0.5221878646677641,-1.426545319205954,-2.537387306245792,1.3916572482980416,-2.7700892771943253,-2.772272144659145,3.202033207096347,-2.899907388494733,-0.5952218813246049,-4.289253782442172,0.3897241202744868,-1.1407471798065745,-2.830055674504369,-0.0168224681808257,0.4169557050379068,0.1269105590614739,0.5172323708617641,-0.0350493686052974,-0.4652110761823875,0.3201981985145264,0.0445191674731724,0.1778397982844009,0.2611450025676772,-0.1432758746989189,0.0,1
7740.0,1.0238738685213915,2.0014852662661275,-4.769751832209739,3.819194585382649,-1.2717542273696958,-1.7346624268403006,-3.059245031608964,0.889804791975203,0.4153821132372616,-3.95581234352737,3.5720548155878395,-7.186451590505877,0.1472423408021089,-5.249304548897622,1.6783336735853478,-2.641473109151777,-1.3120585600734822,-0.391716050952505,1.118263551758122,0.2041376840422709,0.3432826487222511,-0.0541956644068491,0.7096539524971432,-0.3722158669469758,-2.032068366148156,0.3667776020711921,0.3951706692576089,0.0202055389458413,1.0,1
46057.0,-1.309441346004397,1.7864949492192463,-1.371070240425554,1.2143354916076154,-0.3366422215707413,-1.3901198648689586,-1.7091091066304964,0.6677475903826426,-1.6998087995591695,-3.84391103993778,2.962598791389625,-3.9560452014094656,-1.539231919446828,-4.634631393234336,-0.248403490673103,-2.0585513840995096,-5.635494003833912,-0.7752712043003588,-0.2393096540803303,0.2534641291472811,0.5335212863271576,-0.0221799534199139,-0.2995558512300845,-0.226416167090146,0.3643604607780961,-0.4751017854405696,0.5714263038284374,0.2934258368962593,1.0,1
141320.0,-6.352336910966557,-2.370335150076638,-4.87539667887196,2.3350445311619703,-0.8095548972120213,-0.4136473162083069,-4.082308170634379,2.2390894733597224,-1.986359504706754,-5.16533081830893,2.9429391648776675,-4.1257222419036506,-0.4330943952602945,-3.518131170485702,0.4207773870957116,-5.104479839303117,-7.925388998305501,-3.4157067150870466,0.7183323736808305,0.1868983045076555,1.3252184004404184,1.22674487561089,-1.4852168616857016,-1.4707322604882125,-0.2400533929716087,0.1129720369604756,0.9105906438028172,-0.6509437127668859,195.66,1
56650.0,-8.762083394097703,2.791030282350413,-7.682766857192569,6.991213964984163,-5.230695451403332,-0.3573879507025274,-9.685621456107688,1.7493349453082063,-4.49567886484426,-7.864506478988381,4.774147740070742,-8.245897881629453,-1.3334918600507852,-7.974250523323488,-0.39879894749855,-7.244340474323543,-12.760093951104423,-4.824740222987005,2.836992994965628,-0.4603895386402944,-0.0905267878788196,0.34858962816605,0.0511323900482543,-0.4154298723824197,0.2196652662548956,0.3300203648918813,-0.0282517554687546,-0.1562702729721833,7.52,1
41991.0,-4.566341566942743,3.3534514801250115,-4.5720278076253065,3.616119304035524,-2.4931381088287514,-1.0899997127127,-5.551433069766492,0.4477830839489304,-2.424414025712075,-5.6999222826595854,3.586824183374306,-6.636229049392971,-1.128176443946496,-7.2455495953700915,0.6383255362454557,-6.856810038981438,-8.851878505346795,-4.591883227436802,0.9369398588660712,-0.2491277266830259,2.674465878628719,-0.0208799797343963,-0.3024470838771981,-0.0863964000107124,-0.5160597798333947,-0.2951022340351215,0.1959851456910135,0.1411151027217579,1.0,1
40086.0,1.0836926812548433,1.179501205748095,-1.3461503912922923,1.9988244009546408,0.8180341761636422,-0.7714194077165427,0.2303073734809554,0.0936831311994367,-0.1675943417044339,-1.9598092575141648,2.8043347798468656,0.3124241687694047,-0.5959764672811669,-4.662576955018236,-0.2995150200291028,1.0014139193454932,3.902824783617556,1.6196092268086189,-0.8880874642224719,-0.0601585380014646,-0.3119996181174216,-0.6396997113533174,-0.1202490148072714,-0.1802176944581987,0.609282565276013,-0.3395244423525659,0.0967012906089021,0.1149719155138049,1.0,1
46149.0,-1.3465088176297548,2.132430626877711,-1.8543553182399717,2.1169977063610688,-1.0703783787555237,-1.0926713568230615,-2.230986064305742,1.0364249079191916,-1.895515735713669,-3.3640105798000244,2.887047876646946,-3.78445965821089,-1.2889042584753243,-3.9856260082220256,0.5318382979856033,-2.603702649918717,-5.157596397492342,-0.6960100045799558,1.285961394725322,0.2219186691513088,0.609508181503446,0.2028742849524217,-0.0607913872259793,-0.1867333533660534,-0.0174012274970923,-0.2837510341191162,0.3954510490810132,0.2331385759672413,1.0,1
46925.0,-0.4815311509542781,1.05954227713479,0.6471174029102683,0.9055862339126494,0.8193682400154896,-0.0911835663506085,0.5041348513236075,0.1610643363130809,-0.7650537769496616,-0.5505453479437696,1.480286020257784,-0.1053591225149517,-0.8048414547593186,-0.819901849432008,0.916881766469427,0.2011505388649138,0.8748906322700193,0.9414766785114776,0.2726984762058319,-0.0425151328862888,0.0706328691882124,0.192490772493404,-0.1746592534378266,-0.438908072947488,0.2392589966098306,-0.2178234050049975,-0.0728522476980958,0.0104633125817071,1.0,1
68207.0,-13.192670956239075,12.785970638298028,-9.90665002092758,3.320336882889416,-4.801175932301049,5.760058556185562,-18.750889158010708,-37.3534426378925,-0.3915397439191074,-5.052502367138584,4.406805523579037,-4.610756477406079,-1.9094879697081064,-9.072710933983512,-0.2260744508963446,-6.211557482124855,-6.248145353359831,-3.149246694700945,0.0515761185277782,-3.493049915194456,27.20283915731541,-8.88701714094871,5.303606903769981,-0.639434802306313,0.2632031234570084,-0.1088769299713151,1.2695663554101335,0.9394073627588772,1.0,1
8528.0,0.4473955533024752,2.481953866387427,-5.6608139314140535,4.455922812093197,-2.4437797540431023,-2.1850402624723437,-4.716142944700927,1.249803251731471,-0.7183260665736912,-5.390330255660101,6.454187524948327,-8.48534657377678,0.6352814087945912,-7.0199015591661205,0.53981407134798,-4.649864298813198,-6.288357508782303,-1.3393123224473091,2.2629847876251734,0.5496129708867047,0.756052550277073,0.1401677686749996,0.6654111006735446,0.131463791724986,-1.9082174115478807,0.3348075986868636,0.7485342847677563,0.1754137944228961,1.0,1
149582.0,-4.280583831677915,1.4211000074166489,-3.90822884348162,2.9429460801116067,-0.0762053360306411,-2.0025260004501884,-2.874154732515616,-0.8560054414859135,0.963674230223562,-3.2354389574265427,3.341801927472172,-7.562860428984118,-1.847443427155799,-11.571423429576628,-1.4815558418284005,-6.180918699456183,-9.285185982660334,-3.921722141299648,0.6855108602998763,-0.1989627800033021,-0.140061995134615,-0.90772022005271,-0.6801079485830954,-0.3491698929297106,0.0562758915123627,-1.149922668694782,-1.8098861203086416,0.7230514332756734,1.1,1
27252.0,-25.942434447914223,14.601998042629935,-27.36865028812659,6.378394607696882,-19.104033403964607,-4.684806204281848,-18.261392934035545,17.05256631214615,-3.7426050098386416,-8.233721369875996,4.664836253852703,-6.525667860258647,0.9237585894655802,-6.325974612082725,-0.0702237027595963,-5.83836021908828,-12.061695712519928,-4.773348514030187,0.852969608454831,1.667304290401855,1.7843159842349434,-1.917759213361074,-1.235787439249624,0.1611047317833406,1.82037804128869,-0.2193590586867999,1.3887857621359785,0.4068096499085122,99.99,1
166028.0,-0.956390354534089,2.361593609783609,-3.171194607231681,1.9707587789256036,0.4747613538519045,-1.902598204357788,-0.055177812186404,0.2778312285856552,-1.7458541651277195,-2.5166280017922045,0.8740516253666839,-2.5131043286938937,0.0215750823066826,-3.5651188446794686,0.4611534283104751,-2.0157127462930764,-1.7314131905531993,-0.4658147271403091,0.5276197555943916,0.1908769034381597,0.4732110860248995,0.7194002980903673,0.1224578478235045,-0.2556498521320982,-0.6192592990319923,-0.48427999484406,0.6835345928929064,0.4432994992677617,39.9,1
160665.0,-0.4173397824038959,4.700055273926358,-7.521766827748846,7.671884450747939,0.2608212376080461,-2.646692540236377,-2.854432161532322,0.9587831027012595,-4.588535892668204,-6.120715086679216,4.548494583732009,-7.83625279832226,-0.2426747707485276,-13.202505343868127,1.092441599198398,-3.04086255242532,-3.008958000896913,-0.1599669536908914,0.78808629554402,0.8320347893702462,0.6222003560858234,-0.4377083341872941,-0.0903582898025546,-0.7428021576709253,-0.3123607141291171,0.5025749763635889,0.8213902873783002,0.37237881708533,0.77,1
34634.0,0.3334994906801082,1.699873446431979,-2.5965611669605924,3.6439452689904734,-0.5850676151457778,-0.6546585316114399,-2.275788510194879,0.6752289685616443,-2.0424159237647883,-2.8348711598061103,2.802005126151639,-4.39273243849001,-1.369671449737555,-5.327286651686606,0.1631589615399996,-1.3593894765717205,-5.095182879316094,-0.3380126562002311,-0.1241379890246206,0.3293417140576103,0.4692119445350055,-0.1443626512064316,-0.3179809340365681,-0.7696443095226658,0.8078545875096632,0.2281642992172371,0.5510018738967631,0.3054734199922307,18.96,1
154278.0,-1.6002112990725212,-3.488130181185612,-6.459302806675709,3.246815663497028,-1.61460769860713,-1.2603745485463247,0.288223321921388,-0.0489639910109505,-0.7349746179206529,-4.441484080700167,2.944374842424047,-3.805468983743309,-2.102226834926966,-6.106183273471098,-0.6417363997017774,-1.5559628962614789,-2.0840670708213387,0.3942473528692292,0.0833797227600835,3.1893548959275315,1.191174807219027,-0.9671414450006702,-1.463420524466371,-0.6242308514952845,-0.176461532068143,0.4003483510701972,0.1529468642616874,0.4777749245767961,1504.93,1
17187.0,1.0883749383085108,0.8984740237210587,0.3946843290761815,3.1702575745145203,0.1757387968740305,-0.221980885195245,-0.0229887284923858,-0.0108735366656838,0.8600436171941718,-0.5924729353208438,1.0727283997357802,-2.547556814229308,1.2359500567571091,-0.3303058037514414,-1.0223543746495716,0.3356421725196138,2.2989982207281456,-0.1620962094811999,-1.532707212484318,-0.217358192249005,-0.4235539042158674,-0.8008522848055781,0.0776144554303444,0.1676084525741978,0.3501818174431935,-0.1189409294786192,0.0129477659306532,0.0542542721018558,3.79,1
155554.0,-1.0400672231602632,3.1067026644390143,-5.4090271987031056,3.109903424429891,-0.887237039790953,-2.497521835825661,-2.073347463114854,0.6398180993057645,-3.01333057190308,-5.954838296922403,3.586394509272038,-5.5171476269259765,0.6836524750187982,-8.560422875979503,1.856094915854092,-4.878248088480934,-4.335998012036824,-1.3771910852015017,3.057381741876696,1.0543901029538454,0.7739608675197376,0.2148684203622581,-0.1842330220380136,-0.2840913708810418,0.4934666085499308,0.7323288211359489,0.6750667033154417,0.3370762314707163,94.82,1
44393.0,-4.617461029179859,3.6633952531875575,-5.297446410203724,3.8809596542728815,-3.263550913429072,-0.9185467337006824,-5.715262077810699,0.8310395501831672,-2.457033778410148,-5.726817096329613,3.525725987170893,-6.489111560431772,-1.012790631671243,-7.052310952289293,0.78444540329242,-6.773976749662224,-8.588070073143333,-4.510891745419712,1.1478778383491226,-0.3464558327052399,2.69817489528664,-0.0270808907137452,0.3667752303131121,-0.1230114416626631,-0.3004565267685278,-0.2399962396299453,-0.1834630540612349,-0.0733597031884565,1.0,1
165981.0,-5.766878734695862,-8.40215367768915,0.0565432462509224,6.950982944852203,9.88056402552862,-5.77319176920948,-5.7488791991103145,0.7217428936801678,-1.0762735788661353,2.688669932522244,-1.4751453155689151,-0.0504679838548109,0.1135004754188495,0.98434361557577,0.3639687392407049,-0.6743568092096573,0.3274635144183208,0.0914699151148087,1.307940737586346,2.4932238913079114,0.880395096548056,-0.1304355476688288,2.2414714135436515,0.6653455365392285,-1.890041421934573,-0.120802763842984,0.0732685585796402,0.5837994183175176,0.0,1
132086.0,-0.3614278385417894,1.1334719166566944,-2.9713604401345544,-0.2830725257393142,0.3714515928361089,-0.5746799621409788,4.031513441475811,-0.934397840999575,-0.7682546821002594,-2.248115173952148,-0.4824093840228937,-0.6905503642776225,0.1812749051673292,-2.372551797778948,-0.0068680461366328,0.1463990686628851,1.7593141939261494,1.0830395143899054,-0.3910477424074873,-0.0258616224927044,0.1108146374220178,0.563860612681898,-0.4084360594327318,-0.8800789125179055,1.4083923229551236,-0.1374023633357061,-0.001249817072624,-0.1827508969120604,480.72,1
27784.0,0.2880289284280761,0.9656814394468554,-1.4594951997708543,1.9218630023452552,-1.912414029748992,-1.1302819002552689,-2.81426265960526,0.648663224885543,-0.6952626398450739,-3.465689085761206,2.351619106229093,-3.8267053194249616,-0.7675698491153694,-4.852866914623597,1.6648630042035242,-2.617361330037336,-4.835558306477715,-1.9217516013932443,-0.3858841751817533,0.330916894188196,0.6031271280211417,0.3806901821131361,-0.0641251755885565,0.271380100640141,0.3372195347835601,0.6261558694236766,0.5651248259567128,0.305925255390835,23.36,1
29785.0,0.92376442016477,0.34404807190464,-2.880003655791629,1.7216800753412305,-3.0195647786023523,-0.6397361225838516,-3.8013245024590976,1.2990958851301762,0.8640654711409023,-2.895251668301261,3.028162230996175,-2.54917730779636,-1.560431824734226,-2.971316757692745,1.0788953965116348,-4.7020118252738445,-4.90809850732764,-1.5088732903484985,3.001685059374697,0.1708717656180693,0.8999311755668002,1.481271003762484,0.7252655491610582,0.1769595828726236,-1.8156379752364695,-0.5365171113087319,0.4890350204119053,-0.0497285787992942,30.3,1
129808.0,1.5220798646192266,-0.5194294732095196,-2.581684879992053,0.7747410456247371,0.2067217206608571,-1.431020118056186,0.757011225164691,-0.4444180342378938,0.9979210253011024,-1.4294901237514954,-0.3754661886514082,0.1790948642919502,-0.148448551372914,-2.135154864411113,-0.0449156938101636,-0.0553327528802964,1.778696602518241,0.6718324341789311,-0.00202115788658,0.3611689322695512,0.0196494069605455,-0.2116782846648158,-0.2474519240264596,-0.2794718867139741,0.2396461227251234,-0.5083981428834797,-0.0155514881698129,0.0418807020330689,276.17,1
68207.0,-13.192670956239075,12.785970638298028,-9.90665002092758,3.320336882889416,-4.801175932301049,5.760058556185562,-18.750889158010708,-37.3534426378925,-0.3915397439191074,-5.052502367138584,4.406805523579037,-4.610756477406079,-1.9094879697081064,-9.072710933983512,-0.2260744508963446,-6.211557482124855,-6.248145353359831,-3.149246694700945,0.0515761185277782,-3.493049915194456,27.20283915731541,-8.88701714094871,5.303606903769981,-0.639434802306313,0.2632031234570084,-0.1088769299713151,1.2695663554101335,0.9394073627588772,1.0,1
159844.0,-0.4081108169617256,3.132944497952572,-3.098029763502385,5.803892615006446,0.8906089190074568,-0.5014743234710983,-0.4400542833416394,0.5918282685270806,-3.2676932587920384,-2.2230703279902064,0.7570632143916687,-3.501803779294296,0.2467422241286313,-6.065621879766497,0.3395831341891581,-1.005723154003578,0.334315623693923,0.4212613624462543,1.2471426308863236,0.4995679131315252,0.0984823222449584,-0.5383747053129473,-0.2179889874980157,-1.04265661749863,0.3143888206478281,0.5432435759422101,0.2338510154085807,0.1196034609078741,45.51,1
155535.0,0.7111554818100161,2.6171049074097232,-4.72236322125,5.842969958717687,-0.6001792986108493,-1.6463131770367925,-2.7851983655450487,0.540367735499417,-3.0440290974974467,-3.9265099399704178,2.757837458506634,-5.437353689413465,0.5468789073677479,-8.39657296658687,-0.8107157389367963,-3.0142939777350657,-6.642482262723349,-2.5840282244073114,-0.8203544147544651,0.4610319437975204,0.3605008816413942,-0.8655255098380142,0.1399781075685531,-0.3362378707033437,0.1284493376455353,-0.1556458150124617,0.7994599456268989,0.3921702364045534,3.9,1
102669.0,-5.60369027985602,5.222192707514715,-7.516829977246079,8.11772427554261,-2.756857952654639,-1.574564622335831,-6.330343250403661,2.9984188808023857,-4.508166893107125,-7.334377083708394,7.188723965244474,-10.655180911889827,2.5946798607819908,-10.24285908320398,-0.1911581191724938,-5.504334070139331,-8.697777412570305,-1.934225361854341,1.9587499315347527,0.2275259947426535,1.242896205524088,0.428408392466797,-0.1011835951167222,-0.520199121186447,-0.1769377565897326,0.4614499825660971,-0.1066251807492662,-0.4796619478081342,0.0,1
26961.0,-23.23792024451097,13.48738579092741,-25.18877296887008,6.261732551485776,-17.34518816515582,-4.534989152416865,-17.10049247716374,15.374630025279792,-3.845566771762429,-8.511766697101335,5.138547321903896,-7.220019864414933,0.6157932860194053,-7.3272215995796,-0.0386320690669864,-6.331515093991445,-12.688857627506414,-4.8473816069615285,1.020535879291441,1.630787483225027,1.769708129491138,-1.6919733054766144,-1.0456729227816115,0.1433864998634123,1.611577071827012,-0.2215756447362641,1.481232606380649,0.4381248048425227,99.99,1
149676.0,1.8331910475600603,0.74533277919767,-1.1330087128958748,3.893555977249964,0.85816381687158,0.9102345013209978,-0.4982000694081291,0.3447031857663821,-0.6679390955792914,0.3981550646759013,0.6138677390961788,-0.0225614827826196,0.4520180652492221,-2.9692009558560746,-0.9649670343253458,2.464449802392446,0.6712405764316682,1.9210210916587147,-1.616926588273766,-0.0855787549071908,0.0392894902587427,0.1816516148235366,0.0729809106352828,-0.1552988493020597,-0.1498913953758194,0.0127924878401755,0.040853819187149,0.0229031158842699,17.39,1
148028.0,-1.0538396092892657,4.362800684443815,-6.023533636972485,5.304534323237667,1.4807382983602513,-2.1938214519542933,-1.530816791874724,0.62685742392939,-4.03702140926181,-6.285424475067961,3.536145482089679,-7.959628432225512,-1.673428523397512,-12.457998930714195,-0.2138847901936023,-1.4241312713877317,-3.2436859323372262,0.0599561084626286,-1.8023324969593748,0.5315740931847418,0.3979543237544419,-0.9454017826966606,-0.3761375232476081,-0.2204804204385158,0.2640029645259273,0.0489347748109877,0.8472198403324027,0.5319317993949042,0.0,1
138894.0,-1.2984432329537312,1.948100449094877,-4.509946887937569,1.3058047670453443,-0.0194859272181986,-0.5092377838344051,-2.643397618892881,1.2835451941672071,-2.5153557026659072,-4.501314809777581,2.0930750099147364,-5.4188889435484775,-1.2470137120241986,-3.828268178964728,0.3990503365710337,-6.36649950945483,-7.550968091753796,-4.902766666322214,0.1528920320436828,0.2504154373146889,1.1780319502563468,1.3609885807296982,-0.2720130601617578,-0.3259478961604041,0.2907026733958333,0.8412945884820681,0.6430942489502072,0.201155749649851,0.01,1
85285.0,-6.713406971596929,3.92110415204576,-9.746678217375424,5.148262549380132,-5.151562719851874,-2.0993886568111253,-5.937766831701978,3.5787796042044726,-4.684951750583299,-8.537757686534572,6.348979303412087,-8.681608931683517,0.2511793847746191,-11.608002257099256,-0.3515687820343547,-5.36356643348466,-11.939091505211648,-3.5836028702004312,0.897402406121681,0.1357113227290592,0.9542722019275172,-0.4510864485810099,0.1272144240717108,-0.3394498692975649,0.3940955136338071,1.0752950989180543,1.649905909242398,-0.3949053721948078,252.92,1
160870.0,-0.6442776790251732,5.00235242592827,-8.252738760121254,7.756914711736335,-0.2162673175431602,-2.7514961175595314,-3.358857315041804,1.406268091183473,-4.403851716902451,-5.945633972921907,4.475904672694149,-7.607261463607922,-0.1607231199489111,-13.01074936979779,1.0943818191871932,-2.864039118171868,-2.871341528870139,-0.1806135602487587,0.6477088804965588,0.816557858909547,0.5877275197917784,-0.6057591732742549,0.0337455457845425,-0.7561695114853394,-0.0081716252537439,0.5327720060046364,0.6639695048494763,0.1920668353891776,0.77,1
77154.0,-0.7154137464302026,0.6085903127739428,1.155500890220618,-0.2675650926669652,-0.563747540811752,-0.6188979596035147,0.6983076986592609,0.0698369023541395,-0.1333410305270075,-1.0253353925611344,1.5006291807617946,-0.4178980266533763,-1.590295151486291,-1.0749990413737132,0.288234297659522,1.3777685090871927,0.2238868543389903,1.311072675142262,-0.896071786353489,-0.1869779929302484,0.1307486075890426,0.2393892944625075,-0.0902274074581911,0.4115723905172995,-0.2161259658729946,0.3538963292162546,-0.0623612631790606,0.0084330017316634,129.0,1
97235.0,-17.53759168467634,12.35251866823912,-20.1346128135864,11.122771433113256,-14.57108013963428,-0.381622313270995,-23.92866102916151,-4.724921033044066,-8.603038097413204,-15.23183336530176,4.417054610096592,-12.893520208605402,-0.1096284563888895,-3.547229894441444,-2.1778239975784457,-10.40206832661807,-18.372019122333853,-8.31409231206699,2.4358234855337924,1.9251025961188004,-4.352213130659032,2.389040921400551,2.019127926311329,0.6271918695682781,-1.0859972123903892,-0.0718032360759345,-3.83819790404877,-0.802564460951448,9.82,1
148479.0,-1.5416784923309996,3.8467996764866026,-7.604114173328432,3.121458584520364,-1.2549241727289482,-2.084875078385324,-2.3850269252102905,1.4711398231828183,-2.530507249879952,-5.175659679561692,1.927185749237444,-6.011154691720877,-1.1956014421191206,-6.745561316191482,-0.0580910805508332,-4.325132246845203,-5.558067274966429,-1.5805312202570927,0.9719063217176388,0.1147600877923559,1.0964046656890911,1.064222164819198,0.0653703316207609,0.2572094376354767,-0.6936539690541625,-0.3357017116838911,0.5770515203463448,0.3983483679995062,122.68,1
152710.0,0.0510754846328574,1.3104265238652617,0.7332220653098531,2.6202819228618326,1.4023576144928205,0.5284885647381719,1.0860144262280302,-0.1464227132257317,-1.7243329747182203,1.2801667425904812,0.4708647195905722,0.4355419590085804,0.5949741161134314,-0.1420986010805737,-2.024734602758828,0.828290651436422,-1.2747871465657734,0.1342773051845423,-1.4894342170884112,-0.1258769969906948,0.2299361349516113,0.7669265667659759,-0.1896236676207041,0.7668529579650768,-0.1414007500278047,-0.0772779620355943,-0.2975953953571604,-0.2218160341617238,2.47,1
28625.0,-27.848180671980025,15.598192662555412,-28.92375594510396,6.418441746575319,-20.34622815541296,-4.828202465781573,-19.210896417908558,18.329405525597032,-3.66873493861418,-8.00915938639777,4.303095817595626,-6.008660006685607,1.138968828793895,-5.580447120380623,-0.1107371157857697,-5.491073261634265,-11.588543599280912,-4.715420171231154,0.734573493016404,1.697856263183661,1.8021491336386013,-2.0629342761146594,-1.2698434361592428,0.1654091884922235,1.999499112531986,-0.2110585224319972,1.324809492795082,0.3880901777321067,99.99,1
88737.0,1.9178265309194091,0.9519665711562276,-2.0592055134421425,3.8339977122753433,1.6681921914089064,0.7698256973377073,0.2324630567116096,0.1079405672020109,-1.143645688580133,0.5416992429733547,0.3019772296836967,0.2576970909473769,0.7091476519778664,-2.420715975085004,-1.997740180795684,1.506696150014836,0.7998324752476619,1.1627642615831653,-1.1506273571393173,-0.1159223176278627,0.0152553539964534,0.2399943420229406,-0.1119159845205716,-0.3805758898635367,0.370994788995014,0.1891165470623255,-0.0058232806791896,-0.0121050906997505,9.21,1
84204.0,-1.927452819733687,1.8276205670001613,-7.019494684541965,5.348303239514259,-2.739187880047378,-2.1072192963830667,-5.015847975634308,1.2058681598204612,-4.382712508521989,-8.337706973817811,7.190306089448425,-9.424844460491778,-0.2232926464275134,-12.875494222984116,-0.071918160688794,-6.299961397622199,-12.719207160428038,-3.740176155830584,0.844059610296466,2.1727090562649227,1.3769383229409844,-0.7920167255630672,-0.7714141875300358,-0.3795742715395284,0.7187165220080656,1.1111512559951715,1.2777072570584596,0.8190811520453608,512.25,1
94362.0,-26.4577446501446,16.497471901867016,-30.1773174564996,8.904156771065173,-17.892599692722417,-1.2279038810287093,-31.19732854946052,-11.438920414910015,-9.462572605400148,-22.18708856200068,4.419996601548633,-10.592305005372756,-0.7037958037033153,-3.9262073158687256,-2.4002464921012385,-6.809889940390488,-12.462314948108617,-5.501050783807377,-0.5679395728901486,2.8122411093294626,-8.755698321165328,3.460893344785509,0.8965375039590123,0.254835536763482,-0.7380965585303529,-0.966564233789852,-7.263482146338551,-1.324884306561369,1.0,1
58067.0,-0.2648686837372952,3.3861399688391094,-3.454996989500203,4.367629057733507,3.336060428271784,-2.053918422724651,0.2568904584214166,-2.957235440832654,-2.8557972336326998,-2.808455542542295,1.847503511096114,-2.4148223375383044,-2.573224542441652,-6.5991261303635005,0.1234703826780377,2.5723718076134063,6.609365809038419,2.5306697996050804,-3.602657250926525,0.4825130221225874,-1.3945037936646802,-0.1660293067448044,-1.4520811833828886,-0.2518146707105445,1.243460542821213,0.4527867769047102,0.1322180759616897,0.4245994655037503,1.0,1
115691.0,-1.5502727150202134,1.088688501910444,-2.39338766218981,1.0087327171440827,-1.0875618874047952,-1.1046023818949895,-2.670503276700881,0.1476546763911089,-0.9786255492900564,-3.514133304867234,3.5860424236644364,-4.053357848378385,0.8624260249558086,-5.765823021541731,-0.5075110295493881,-4.921865143507831,-9.56726769048681,-2.772974111170164,1.7170952684285494,0.3274904572621813,0.8023160314617007,1.0371047886992215,0.0958154204904633,-0.3201909133844234,-0.0807306312824349,0.0910116872058309,0.0249284934943241,-0.0778199786198624,17.06,1
36170.0,-5.685013418271326,5.776516210429627,-7.064976728615125,5.902715451510685,-4.715563830986088,-1.75563332378958,-6.958679142578427,3.877795187027743,-5.541528827823727,-7.502112190936855,3.676703186916636,-7.6429830672784576,1.6898651227045325,-8.299659530599556,0.646996364810759,-6.792795059727746,-12.07593206139402,-4.882179642651367,2.626624524791632,0.299488632233821,1.1286410744130089,-0.9629597292309812,-0.1100450836558722,-0.1777332407667679,-0.0891754157062678,-0.0494467232292749,0.3034445816328843,0.2193804386142662,111.7,1
141565.0,0.1149650477972004,0.7667615466916403,-0.4941321994156587,0.1167719782337932,0.8681685352479097,-0.4779820063495354,0.4384956652206805,0.0630733402552484,-0.1862070892141937,-0.159325098707444,1.2003036070941595,0.2817444468614645,-0.6238440304662123,-0.6582462920643565,-0.1558883566132252,0.0562273489244217,0.6536621252124738,0.3346553117215904,1.0289268364535775,0.0621985703923591,-0.2844128987402968,-0.7068654716308359,0.1314048556257169,0.6007421220187187,-0.6042642753043093,0.26293785502267,0.0991446312768992,0.0108097183119463,4.49,1
102318.0,-1.0206316658236108,1.4969591224322247,-4.490937117583349,1.8367270584985167,0.6273184675015557,-2.7355686100106555,-1.546273642412909,0.4598215764392384,-0.6827414059739896,-4.363102192732964,4.2870208796143405,-5.403768356897618,1.2602623090004257,-3.087742906826515,-1.3174880629798142,-3.537056284068795,-3.1720275217638507,-0.5298850845036802,1.011626450306394,0.4434885320559062,0.7736309664139728,0.8606181813065202,-0.3046664475554759,-0.1554995830276911,0.4121662907542802,-0.2200796473087217,0.392337584118175,-0.0200894870934853,22.04,1
84204.0,-0.9378433054783912,3.4628894899168654,-6.445103953934352,4.932198666226801,-2.233983069822448,-2.2915611212977347,-5.695593928532533,1.33882463362261,-4.322376553293288,-8.099119398136496,7.182967008836587,-9.445943382499012,-0.3146199675202235,-12.9914655817567,-0.1363589319596226,-6.367524375171444,-12.73439388537765,-3.8451296588974273,1.007667259921137,1.129532281303511,1.066550249415767,-0.5216572893472986,-0.3199172929095472,-0.405859088093617,0.906802159957716,1.1657838901173665,1.3744953323353477,0.729889341911333,0.0,1
169966.0,-3.1138316073851198,0.5858641718068895,-5.399730210732419,1.8170924734553109,-0.8406184659910559,-2.943547790719744,-2.208001920033716,1.0587326772305627,-1.6323333497498214,-5.2459838377696375,1.9335195368359157,-5.030464796954561,-1.1274545750115543,-6.416627975974509,0.141237234328704,-2.549498236336318,-4.614717068515941,-1.478137941260375,-0.0354803664667244,0.3062707403680929,0.583275998701341,-0.2692086379865809,-0.4561077725840081,-0.1836591295497159,-0.3281677592557607,0.6061158103296833,0.8848755395429047,-0.2537003188943805,245.0,1
102542.0,-1.4568763177056154,3.740305560801133,-7.404518445911741,7.440964035907352,-1.549877953473799,-1.6616968616933745,-5.757213013576411,1.6150110107840443,-2.194880725743888,-6.807135251444643,6.82579316213884,-10.399749117769224,1.836448839788835,-11.872845098187954,-3.6423925983095,-6.044103144052101,-9.750776386541236,-3.1163722540571053,0.0653171492484701,0.5295573309118331,0.9578974516299444,0.1453394796767814,-0.0447039008346728,-0.5449616713290288,-0.7577565355547209,-0.005352369235898,0.3181522857075459,-0.3235536226423712,2.28,1
32686.0,0.2879527715275292,1.7287346452116237,-1.6521730457225692,3.813544187955229,-1.0909271539131753,-0.9847446656245886,-2.202317926990687,0.5550879322521913,-2.033892048303616,-2.734155555072109,2.368433672820033,-3.656802651300544,-0.1695346833047311,-4.744413330237447,0.7651928292943037,-2.4795135564369835,-4.931111968298585,-2.547402527360513,-0.9026898028944796,0.2652502102865388,0.2622015101851179,-0.6335275642055629,0.0928910102678184,0.1876126555561957,0.3687083544096391,-0.1324740290185714,0.57656075692479,0.3098427054618786,0.0,1
28242.0,-2.787247930615332,-0.0713403777285035,-1.5052877752330576,3.361777137339669,-3.357421668836655,0.565834734346537,0.3036531111255207,0.966914484943676,-2.245881951887823,-3.651426568634825,0.9872770219632908,-3.834781569261169,-0.9613541425247464,-3.1821680848114315,-1.1260022842246955,-2.954300812525952,-5.841218001751484,-2.9104302978541696,-1.1558501727309387,1.607396771851474,0.8829404424447425,-0.246201930041865,1.7522267845867172,0.2199249645443677,0.1562816950577602,-0.2658943176840356,0.2206940232532817,0.2560768697865246,730.86,1
149096.0,1.1848911227190138,3.152084205362108,-6.134779824630305,5.531252206483227,1.7338665141421434,-1.8168614660034217,-0.9166962776441876,0.2655682870194357,-3.1580142351639533,-3.8901692422637617,4.736593842655398,-4.1621151917547445,-0.4566967794852886,-10.266758107735546,-0.5830182630211092,0.513470571003558,0.1136654056481141,1.4886203593893508,-1.80557671393198,0.3364418656941031,0.1242356163708375,-0.8238646503270758,-0.0798873559390687,0.028827789886456,0.3897114688560181,0.0601710709421761,0.485186935489591,0.3265515717458135,0.0,1
8408.0,-1.8132804847689727,4.917850710565652,-5.926129694006556,5.701500431411627,1.2043925721436208,-3.0351375481561105,-1.7134020634710836,0.5612573909020315,-3.796354251711625,-7.454840650783515,7.388055122920255,-10.475228650409877,-0.3793145267561166,-11.736729121256912,-2.0869889521559286,-2.4423539829375467,-3.535523511682455,0.1303603066408867,-2.071450488443251,0.5766560333320694,0.6156418351075519,-0.4064272753179,-0.7370180764375399,-0.2796417722159166,1.106766374433499,0.3238854777194527,0.894766671515833,0.569518600269514,1.0,1
55614.0,-7.347954946902617,2.397041348247456,-7.572355817578437,5.1778192552183375,-2.854838282617177,-1.795238773816112,-8.78323473517424,0.4371565612104314,-3.740597509929717,-8.332863062921273,5.763189408838428,-8.707879292198662,-1.716949487747862,-9.57719439289905,0.1463690026262577,-7.586490786431749,-12.503930969567485,-4.375631012376683,2.4651948703860107,0.0731637913502985,-0.1752733697418362,0.543325051876651,-0.5479550670542447,-0.5037216901220041,-0.3109327764882397,-0.16398601754964,1.197895046570054,0.3781866882144908,0.8300000000000001,1
133184.0,-1.2126817006353066,-2.4848235304340576,-6.397185815119269,3.6705624478143553,-0.8633750609809713,-1.8558547306372355,1.0177315797622066,-0.5447037751689102,-1.703378049982626,-3.739659479303089,1.7381240138373737,-2.8444493358543497,0.7658639612456722,-4.799737134857624,-0.0113354116437183,-2.69316808210374,-3.166955157603908,-1.0678001199609333,-0.5591322022745947,2.908373945927828,1.3968720627427176,0.0920728715219573,-1.49288249863592,-0.2042273962652861,0.5325109491546436,-0.2938711044068781,0.2126630598271846,0.4310947079760347,1335.0,1
8614.0,-2.169928975590824,3.6396539992044,-4.508497786177284,2.730668148848951,-2.1226928705304773,-2.341016827663665,-4.235253082906131,1.7035376576350822,-1.3052791334430704,-6.716720022712703,6.35361231915591,-8.601648262764638,0.4499300382372247,-7.506169374081454,-0.4380817818124666,-3.69451599830956,-6.304753386030492,-1.26758712788115,0.3579870304842529,0.5007790539507001,0.6451032756213777,-0.5035294489111966,-0.0005228218182992,0.0716957787676741,0.0920074334247208,0.3084979315770357,0.5525909146538415,0.298954478709399,1.0,1
94362.0,-26.4577446501446,16.497471901867016,-30.1773174564996,8.904156771065173,-17.892599692722417,-1.2279038810287093,-31.19732854946052,-11.438920414910015,-9.462572605400148,-22.18708856200068,4.419996601548633,-10.592305005372756,-0.7037958037033153,-3.9262073158687256,-2.4002464921012385,-6.809889940390488,-12.462314948108617,-5.501050783807377,-0.5679395728901486,2.8122411093294626,-8.755698321165328,3.460893344785509,0.8965375039590123,0.254835536763482,-0.7380965585303529,-0.966564233789852,-7.263482146338551,-1.324884306561369,1.0,1
122608.0,-2.0034595308058165,-7.159041717094449,-4.050976315873928,1.3095797474991755,-2.0581015879866915,-0.0986209270722273,2.880082727152037,-0.7274840466089137,1.4603805509699046,-1.5316079820608193,-1.3943282616726915,-0.2207187977894787,-1.5309904314680427,1.0752476539262017,0.3883832093072677,-0.6606553523126458,0.0933209955444861,0.3357422215746374,0.05755103935375,3.9732170272674434,1.244286774890949,-1.015232286731532,-1.8009848660504773,0.657585626965743,-0.435617246752788,-0.8945089221769675,-0.3975573869508501,0.3142617140875091,2125.87,1
25095.0,1.1923959899076797,1.3389737106900663,-0.6788761866870086,3.123672307122203,0.6432448635892752,-1.1843229943121465,0.3975855260068994,-0.2534985382616578,0.4111349768412704,-0.859862301810301,1.1240593824529954,-3.763873848323976,0.3679759667691419,-0.9717575383681144,-0.0138825132357776,1.457578527630763,2.611450334478763,1.2919552295122014,-1.5638152267119303,-0.1854546501428319,-0.3775032430086993,-0.8895967479604026,-0.0742075893964192,0.0354455164139561,0.5505779742002308,-0.0271712789934873,-0.0249206212266211,0.0736053986634044,3.12,1
67150.0,-1.8242950597606653,0.4033265268606019,-1.994122006418008,2.756558163577256,-3.1390643257257853,0.4081850147181991,-1.209045118716241,1.0956343539343123,-1.447224892173452,-3.951002891974344,2.560700201582835,-3.4119829114194964,-0.7816696199494918,-4.732767535163202,-0.4339736549226247,-3.3060884117835903,-4.231021875448546,-0.7508097704099406,2.6908083420337365,1.5036883047900207,0.8387604210338866,0.3417270957870486,0.9475064912936144,-0.1454930024526217,0.0493257725258454,0.8310654516150443,0.3324213039330202,0.2527127286410076,489.71,1
65385.0,-2.923826664272619,1.5248371640530176,-3.0187580332624213,3.28929147538496,-5.755542373612891,2.218276303103592,-0.5099954317904546,-3.569443568666127,-1.016591688551875,-4.320535775599363,1.2772022647441452,-3.701749666684882,-0.9718695935326496,-4.857776672125882,0.0906055221312176,-2.8015019904876195,-4.186807537048056,-1.6484060936746476,1.1764455977518995,-0.4470394067199251,-0.5116568051962347,-0.1227240863912396,-4.288638998951941,0.5637966578008377,-0.9494513502803462,-0.2045321774954451,1.5102064873590244,-0.3247060125604455,1354.25,1
129668.0,0.753356012421118,2.284987952503526,-5.164492003553147,3.831111998799305,-0.0736224923058733,-1.3165959458644516,-1.8554954437452733,0.8310790988657403,-1.5675141450207624,-3.2245591481499547,3.369558249558521,-3.468545258032272,-1.3835710678540467,-6.0205789709702,0.3096018552576586,-2.6177669602824527,-1.310752382072093,0.4096599096933254,2.36229077589933,0.2857922598954822,0.382006845522224,0.0339580452530081,0.1876968502401033,0.3584334657510752,-0.4889338270518343,-0.2588023871389507,0.2961454534589118,-0.047173665978249,2.0,1
